subjectIx,trial_alt,t_d_alt,RT_trial,RT_trial_inv
0,SSS,short,1.121580535385874,0.8915989253111949
0,SSS,long,0.6269244133436587,1.5950886242674265
0,SSS,intermediate,0.5377495237771655,1.8596018327937813
0,SSS,short,0.42839493975043297,2.3342946127761524
0,SSS,intermediate,0.4049218103464227,2.4696125880314277
0,SSS,long,0.5546933799632825,1.802797790855543
0,SSS,short,0.6450562246318441,1.550252461435799
0,SSS,long,0.4825475531251868,2.0723346197148182
0,SSS,intermediate,0.5391594547545537,1.8547388739667725
0,SSS,long,0.5592839294986334,1.7880005972931206
0,SSS,long,0.5029565373406513,1.9882433684775875
0,SSS,long,0.6617823103879346,1.5110709130526674
0,SSS,intermediate,0.5654765819199383,1.7684198284652974
0,SSS,long,0.5790346655412577,1.7270123181057584
0,SSS,long,0.553970769746229,1.8051493952615847
0,SSS,intermediate,0.5480633582046721,1.824606562416008
0,SSS,intermediate,0.6056571466906462,1.651099149847519
0,SSS,long,0.48391634359722957,2.0664728795196763
0,SSS,long,0.5585960601456463,1.7902023865676095
0,SSS,intermediate,0.5133025527757127,1.9481687643913774
0,SSS,intermediate,0.5099277510453248,1.961062126840622
0,SSS,long,0.5679977244435577,1.7605704335869583
0,SSS,long,0.5895017776201712,1.6963477261035873
0,SSS,short,0.7657111531880219,1.3059754919809141
0,SSS,long,0.5804565336729866,1.7227818828607981
0,SSS,intermediate,0.5209775955881923,1.9194683388850597
0,SSS,long,0.41288995642389636,2.421952833779621
0,SSS,long,0.5425092586083338,1.8432865137919296
0,SSS,long,0.6858621772698825,1.4580188748424106
0,SSS,long,0.6171246131270891,1.6204182732767822
0,SSS,intermediate,0.5202449288335629,1.9221715476248702
0,SSS,intermediate,0.47035538651107345,2.1260519783086553
0,SSS,short,1.118938635365339,0.8937040588231141
0,SSS,long,0.5764401228079805,1.7347855578282025
0,SSS,long,0.45946832763729617,2.176428580272891
0,SSS,intermediate,0.5575842385442229,1.7934509817043338
0,SSS,long,0.5934253023442579,1.6851320563002887
0,SSS,short,1.1705690611997852,0.8542853498750779
0,SSS,long,0.6134676788788056,1.6300777276932241
0,SSS,short,0.5291826588945696,1.8897066696949956
1,SSS,short,1.109229625286389,0.9015265885472656
1,SSS,intermediate,0.4773535124313639,2.0948835065789626
1,SSS,intermediate,0.42267775751861336,2.3658685185391217
1,SSS,intermediate,0.4738883717363933,2.1102015994523353
1,SSS,intermediate,0.5735685350991844,1.7434708126502703
1,SSS,long,0.4934135463445273,2.02669749829233
1,SSS,long,0.571391005651094,1.7501150527571054
1,SSS,long,0.5685864925380884,1.7587473728687149
1,SSS,long,0.5703771169301035,1.7532260154162957
1,SSS,long,0.5199487238023721,1.9232665726862925
1,SSS,long,0.5572709824373305,1.7944591258391205
1,SSS,intermediate,0.5212462088129541,1.9184791814166338
1,SSS,long,0.5962385017955967,1.6771811900581044
1,SSS,intermediate,0.5833954846839333,1.7141030848769268
1,SSS,long,0.7013483813680068,1.425824920347662
1,SSS,short,0.4327858067917987,2.3106118183794147
1,SSS,long,0.5902099041031761,1.6943124692553235
1,SSS,long,0.6671292256196466,1.4989599639727589
1,SSS,intermediate,0.5890380352466309,1.6976832397271238
1,SSS,intermediate,0.5717973557984806,1.7488713262822984
1,SSS,long,0.5853553061679122,1.7083641157139264
1,SSS,long,0.5883057314895268,1.699796460367822
1,SSS,long,0.5199732886212587,1.9231757128362532
1,SSS,long,0.6321194377997017,1.5819795124175058
1,SSS,long,0.6101693412419991,1.6388892925437732
1,SSS,intermediate,0.552229943443308,1.8108398718199172
1,SSS,intermediate,0.5725857936995453,1.7464631693686992
1,SSS,intermediate,0.5741875367457396,1.7415912676676881
1,SSS,long,0.6814299020479666,1.467502375511559
1,SSS,long,0.625251873061643,1.5993554647079178
1,SSS,long,0.7670154579791415,1.3037546891619418
1,SSS,long,0.5988485285633942,1.6698713486012011
2,SSS,intermediate,0.5397627585389273,1.8526657947037313
2,SSS,short,0.44772198781356565,2.2335289023518015
2,SSS,long,1.0670063863763062,0.937201513288155
2,SSS,intermediate,0.45849356635153526,2.1810556862498744
2,SSS,short,0.4306068619262078,2.3223039120341933
2,SSS,intermediate,0.5787812521557498,1.7277684725885012
2,SSS,long,0.6114647922840959,1.6354171370432473
2,SSS,intermediate,0.5736320682608493,1.7432777128932533
2,SSS,long,0.5140406093141792,1.9453715949293897
2,SSS,long,0.5080850655249378,1.968174362627311
2,SSS,intermediate,0.49086352207632444,2.0372261433688483
2,SSS,long,0.5959174055678886,1.6780849001163753
2,SSS,long,0.5802881029212585,1.723281926625495
2,SSS,long,0.6966712515004474,1.435397252070129
2,SSS,intermediate,0.5748801890422328,1.7394928874937041
2,SSS,intermediate,0.5464875440666219,1.829867873215589
2,SSS,long,0.5219127663476684,1.9160290080619666
2,SSS,intermediate,0.500971545046923,1.9961213563663303
2,SSS,intermediate,0.5111788545073068,1.9562624533126223
2,SSS,short,0.4512282819923712,2.216173143191647
2,SSS,intermediate,0.5639838679417153,1.7731003612737104
2,SSS,long,0.5405963225985033,1.8498091056063144
2,SSS,long,0.4936784275887476,2.0256100816157945
2,SSS,intermediate,0.5326455409049231,1.8774211425877672
2,SSS,long,0.5668920661519223,1.764004225333449
2,SSS,long,0.5620067319905502,1.779338116570487
2,SSS,long,0.580602195679603,1.722349669776026
2,SSS,long,0.48100687497935724,2.078972364049715
2,SSS,long,0.5917063748165674,1.6900274233313881
2,SSS,intermediate,0.5104274916811846,1.9591421236076458
2,SSS,intermediate,0.5608785595304653,1.7829171449112649
2,SSS,long,0.5303736538990051,1.885463187412439
2,SSS,long,0.5364997949200188,1.863933610914203
2,SSS,long,0.631482773595053,1.583574472359659
2,SSS,long,0.6126720977536024,1.6321944538792572
3,SSS,short,0.9235331092386332,1.0827982126427569
3,SSS,intermediate,0.5413331999989168,1.8472910953955917
3,SSS,long,0.5771656699980667,1.732604782268754
3,SSS,intermediate,0.5224531799904071,1.914047111395439
3,SSS,short,0.7172606259518943,1.3941933570839404
3,SSS,intermediate,0.4957336072366161,2.017212441122022
3,SSS,short,0.3697447265185474,2.7045686612377886
3,SSS,intermediate,0.5412580500087643,1.8475475791700606
3,SSS,long,0.6119716385510401,1.6340626542231456
3,SSS,short,0.49230431717296597,2.031263925822248
3,SSS,short,0.8983328098038328,1.113173190477556
3,SSS,long,0.6400184955782606,1.5624548460845555
3,SSS,intermediate,0.6040724777776632,1.6554304935045612
3,SSS,long,0.6332506074104458,1.5791536372768815
3,SSS,long,0.5378940362097637,1.8591022258704273
3,SSS,long,0.5964472213818226,1.676594280518642
3,SSS,long,0.6073386685784499,1.6465277969878351
3,SSS,long,0.504797135865374,1.980993807117585
3,SSS,long,0.5722595270417514,1.7474588936411732
3,SSS,intermediate,0.4816077845680411,2.0763783976143784
3,SSS,intermediate,0.6605040925642243,1.5139951610561213
3,SSS,short,0.7747884067648556,1.290674965279256
3,SSS,intermediate,0.4845508852304192,2.063766738398318
3,SSS,long,0.6013579355058027,1.6629031413028565
3,SSS,intermediate,0.6776900377954007,1.4756008561865666
3,SSS,intermediate,0.5482501082406088,1.8239850480086601
3,SSS,intermediate,0.5370864022916066,1.8618978170612077
3,SSS,long,0.5874719070125138,1.7022090555535259
3,SSS,intermediate,0.5766329368161678,1.7342054817774013
3,SSS,long,0.5688489694766758,1.7579358558388007
3,SSS,long,0.4672907863750879,2.1399951147277996
3,SSS,intermediate,0.5218822318565799,1.9161411118415181
3,SSS,intermediate,0.4779832963467925,2.0921233182058048
3,SSS,long,0.6418132181934197,1.558085704147395
3,SSS,long,0.5434045696856629,1.8402495227054472
3,SSS,long,0.47905587516288506,2.0874391732696886
3,SSS,long,0.48822746619407553,2.048225610483146
3,SSS,intermediate,0.6368540496914648,1.5702184833157107
3,SSS,short,0.6504587592353346,1.537376483599942
3,SSS,intermediate,0.5849292406455788,1.7096084970830197
3,SSS,intermediate,0.65341136792631,1.5304294493278197
3,SSS,long,0.5429229514484177,1.8418819785241818
3,SSS,long,0.5490356998489005,1.821375186122157
3,SSS,long,0.5566980741350562,1.7963058369722287
3,SSS,intermediate,0.6315458268181828,1.5834163690672163
3,SSS,long,0.6128797374585702,1.6316414769179715
3,SSS,intermediate,0.4879839143686695,2.0492478759135997
3,SSS,long,0.6016891530416615,1.6619877472359206
5,SSS,short,0.41131096750541474,2.431250511176402
5,SSS,intermediate,0.5360195534303784,1.865603584048891
5,SSS,long,0.53288444078862085,1.8765794672482654
5,SSS,long,0.4684617707007419,2.1346459039852155
5,SSS,intermediate,0.5181702926274738,1.92986748609096
5,SSS,short,0.8539568372762005,1.1710193728170406
5,SSS,intermediate,0.49973408958976506,2.0010642076087035
5,SSS,long,0.4976282286152127,2.009532302423387
5,SSS,intermediate,0.6098281795384537,1.6398061512290993
5,SSS,long,0.48974217513023177,2.0418907147093894
5,SSS,long,0.48980836612463463,2.0416147807192497
5,SSS,intermediate,0.4413243775816227,2.2659070080828485
5,SSS,long,0.5551882457475585,1.8011908711314744
5,SSS,long,0.6176074497634545,1.619151453537361
5,SSS,long,0.553650859354093,1.8061924462045131
5,SSS,intermediate,0.525314897273347,1.9036201051797912
5,SSS,intermediate,0.48475078910269076,2.062915672300551
5,SSS,long,0.6015234040260111,1.6624457058644353
5,SSS,long,0.5581342935038265,1.7916834920181162
5,SSS,intermediate,0.572254551201695,1.747474088061107
5,SSS,intermediate,0.5597124550095032,1.7866316731919452
5,SSS,intermediate,0.4861378744026297,2.0570296054978403
5,SSS,long,0.6481121643191727,1.5429428038130986
5,SSS,short,1.00211915131149,0.9978853299942261
5,SSS,short,0.6524955805889476,1.5325774300224257
5,SSS,intermediate,0.5603184052179131,1.7846995399180055
5,SSS,long,0.45893720762978774,2.1789473230217435
5,SSS,long,0.5903972748947126,1.6937747556140619
5,SSS,intermediate,0.5279226679176645,1.8942168252490368
5,SSS,short,0.491620564909681,2.034089034057631
5,SSS,long,0.46180463072596467,2.1654178703838096
5,SSS,long,0.6977530324693362,1.4331718437124048
5,SSS,long,0.49297437186032766,2.028503015737552
5,SSS,short,0.4664515310287243,2.1438454662043323
5,SSS,long,0.658278150123806,1.519114677909216
5,SSS,intermediate,0.4911921519305906,2.0358631465702
5,SSS,intermediate,0.5972021478664828,1.6744748885658247
5,SSS,long,0.565659031017276,1.7678494378523564
5,SSS,long,0.540762806431303,1.8492396076560365
5,SSS,long,0.6643662587448489,1.5051938397492457
5,SSS,intermediate,0.5373486676653556,1.8609890750166884
5,SSS,long,0.6980969696487591,1.4324657511450603
5,SSS,intermediate,0.5966236166459566,1.676098585606965
5,SSS,long,0.6235362895095022,1.603755894924157
6,SSS,intermediate,0.4917707338609034,2.0334678970197695
6,SSS,short,0.5479423406213755,1.8250095418178194
6,SSS,long,0.6590787658351474,1.5172693338600531
6,SSS,intermediate,0.4951552264901693,2.0195687059356
6,SSS,intermediate,0.43058784728782484,2.322406464322607
6,SSS,short,0.5473947147256695,1.8268353221151519
6,SSS,intermediate,0.4693727431294974,2.130502920413735
6,SSS,long,0.5255370360100642,1.9028154658558636
6,SSS,intermediate,0.5507473920151824,1.815714453664509
6,SSS,long,0.5302577724069124,1.885875232834143
6,SSS,long,0.4989050468429923,2.0043894250576795
6,SSS,long,0.5751349378115265,1.7387224010510436
6,SSS,intermediate,0.5608436388720293,1.7830281573866178
6,SSS,long,0.6346219211336575,1.5757413456718437
6,SSS,long,0.4953258224632009,2.0188731429892144
6,SSS,long,0.44688442611368373,2.237715036741084
6,SSS,intermediate,0.5267090834386181,1.8985812689454757
6,SSS,intermediate,0.5374630299120327,1.8605930907725345
6,SSS,long,0.5706923112666118,1.7522577056988375
6,SSS,long,0.6854778083215933,1.458836431843827
6,SSS,intermediate,0.5933144720838754,1.6854468364605009
6,SSS,short,0.5435200100546353,1.8398586648161834
6,SSS,short,0.4342937356705079,2.302589049450819
6,SSS,long,0.5283204627412488,1.892790589278693
6,SSS,intermediate,0.5420085503865266,1.844989344332045
6,SSS,long,0.49510928320523817,2.0197561102595385
6,SSS,long,0.4951341503619915,2.0196546719084156
6,SSS,intermediate,0.5262323533097515,1.9003012523089375
6,SSS,intermediate,0.5447550908284029,1.8356872966149087
6,SSS,short,0.4498731897037942,2.222848622427179
6,SSS,long,0.44235142454272136,2.2606460486337197
6,SSS,long,0.5477718787296908,1.8255774690717017
6,SSS,long,0.581888880871702,1.7185411731909093
6,SSS,long,0.5526185964918113,1.8095663199687815
6,SSS,short,0.42466612494172296,2.3547910729569734
6,SSS,long,0.6622750604437897,1.5099466365680465
6,SSS,intermediate,0.4987384247360751,2.005059065840345
6,SSS,short,0.6722376463512774,1.4875691735321985
6,SSS,short,0.48163860029308125,2.0762455488233114
6,SSS,intermediate,0.5085452252242249,1.966393450177584
6,SSS,long,0.5082596186693991,1.9674984265284645
6,SSS,long,0.6080818550981348,1.6445154408342209
6,SSS,long,0.48322497835033573,2.0694294475709096
6,SSS,intermediate,0.5423821062286152,1.8437186413714357
6,SSS,long,0.554884067241801,1.8021782549474998
6,SSS,intermediate,0.5392301946121734,1.8544955567987487
6,SSS,long,0.5661203633499099,1.7664088146956765
8,SSS,short,0.4770525277854176,2.096205222184272
8,SSS,intermediate,0.6329127100179903,1.5799967107179367
8,SSS,short,0.5175358866981696,1.9322331565834132
8,SSS,long,0.7000286066759145,1.4285130499859136
8,SSS,intermediate,0.5428287065878976,1.8422017624782245
8,SSS,intermediate,0.41454820802027825,2.4122646791204643
8,SSS,long,0.5330401907267515,1.8760311462379444
8,SSS,intermediate,0.614024644746678,1.6285991263633401
8,SSS,short,0.4547622337413486,2.1989512888371503
8,SSS,intermediate,0.6189039092278108,1.6157597085590754
8,SSS,short,0.9027231455111178,1.1077593445704823
8,SSS,short,0.522017276744009,1.9156454097406972
8,SSS,long,0.46091703689307906,2.169587843271618
8,SSS,intermediate,0.47953485473408364,2.085354151273383
8,SSS,long,0.4295999664464034,2.3277469229615484
8,SSS,long,0.4033973013429204,2.478945686227878
8,SSS,long,0.6246085437887814,1.6010027559567959
8,SSS,long,0.6511171114107128,1.53582202414155
8,SSS,long,0.6182615687284851,1.6174383959471992
8,SSS,intermediate,0.530568286034395,1.8847715295504361
8,SSS,long,0.5335627666499931,1.8741937453367705
8,SSS,intermediate,0.5198194592667278,1.923744835198414
8,SSS,short,0.5798622965958202,1.7245473724894156
8,SSS,intermediate,0.5975285801541759,1.6735601161403484
8,SSS,short,0.6411099109245697,1.5597949477303523
8,SSS,short,0.5396002024936024,1.8532239153706696
8,SSS,long,0.47093778834096156,2.123422721125947
8,SSS,short,0.5130283698817948,1.949209943751077
8,SSS,short,0.583154471940361,1.7148115089860267
8,SSS,intermediate,0.5771748359402409,1.732577267286714
8,SSS,long,0.6005022364843171,1.6652727321293104
8,SSS,long,0.5692089361255057,1.756824140546361
8,SSS,intermediate,0.46607918554218486,2.145558160544567
8,SSS,intermediate,0.5252556951309089,1.9038346642786446
8,SSS,long,0.5955238691094564,1.679193818873113
8,SSS,long,0.5438780841359403,1.8386473534573489
8,SSS,short,0.5656242263357854,1.7679582193255376
8,SSS,long,0.5497213164926507,1.819103553015247
8,SSS,long,0.6449029034120031,1.5506210232723039
8,SSS,intermediate,0.5290077096578898,1.890331618506471
8,SSS,long,0.6214007013477385,1.6092675753843344
8,SSS,long,0.4871913982060505,2.052581395488975
8,SSS,long,0.48699428944382817,2.053412168635591
8,SSS,long,0.519829901837511,1.923706190169455
8,SSS,long,0.5866161258600187,1.7046923122577526
10,SSS,long,0.6555409114371287,1.5254578052309822
10,SSS,intermediate,0.5384230217514414,1.8572757099930282
10,SSS,intermediate,0.5585710837021907,1.7902824352668474
10,SSS,long,0.535457248095554,1.8675627299035964
10,SSS,intermediate,0.5372884579064703,1.8611976216583408
10,SSS,intermediate,0.5443849216135277,1.836935521718812
10,SSS,short,0.8827751245407853,1.1327913215952867
10,SSS,short,0.5945734182896558,1.6818780813925223
10,SSS,long,0.6583498026138841,1.5189493427804528
10,SSS,long,0.6737153259891784,1.4843064443157148
10,SSS,long,0.5003190470633854,1.998724625555401
10,SSS,long,0.6202193151566462,1.6123328886450983
10,SSS,intermediate,0.6878160986616422,1.4538769911693077
10,SSS,long,0.7470900655680452,1.3385266999095433
10,SSS,long,0.46629054272671056,2.1445856357118798
10,SSS,long,0.5425621227550437,1.843106914508075
10,SSS,intermediate,0.5689604338331264,1.757591460732919
10,SSS,intermediate,0.5396064056658361,1.8532026111996778
10,SSS,long,0.6373328530862636,1.5690388392149133
10,SSS,short,0.6485898108658148,1.5418065212357885
10,SSS,long,0.6485993188944121,1.5417839193919871
10,SSS,intermediate,0.639153092097331,1.5645703859752569
10,SSS,long,0.6542058409031597,1.5285708831634037
10,SSS,short,0.39981322293715493,2.5011679019860384
10,SSS,short,0.822452790744137,1.2158752590470538
10,SSS,intermediate,0.6289124724971771,1.5900463796327216
10,SSS,long,0.7145757909947861,1.3994316804489904
10,SSS,long,0.5575569091506622,1.793538890089839
10,SSS,intermediate,0.5575954898049531,1.7934147931322042
10,SSS,short,0.4637792193007044,2.156198377123969
10,SSS,intermediate,0.46216779123278684,2.163716336295524
10,SSS,intermediate,0.5369797059647681,1.862267770815181
10,SSS,long,0.5057983077658719,1.9770726486156778
10,SSS,long,0.5868204281941871,1.7040988212991897
10,SSS,long,0.5430140131247754,1.8415731009325114
10,SSS,long,0.4210360578581458,2.3750934898238976
10,SSS,long,0.6642889227932756,1.5053690731362632
10,SSS,intermediate,0.7156719570284622,1.397288227069976
10,SSS,intermediate,0.5721100445844058,1.7479154744196521
10,SSS,short,0.504991588077246,1.9802310050499992
10,SSS,intermediate,0.5954604838370869,1.6793725648360434
10,SSS,long,0.6341267121624696,1.5769718903495584
10,SSS,long,0.3974841215313063,2.5158237671167925
10,SSS,long,0.5471415947831701,1.8276804570054588
10,SSS,intermediate,0.49233311025818693,2.031145131546373
10,SSS,long,0.5905369704451005,1.693374081636715
11,SSS,long,0.6047410044702701,1.6536004547532899
11,SSS,intermediate,0.5578684214269742,1.7925373826360262
11,SSS,intermediate,0.5457053198770154,1.832490839974527
11,SSS,long,0.5158434527402278,1.93857263223536
11,SSS,intermediate,0.5578132019436453,1.792714830906831
11,SSS,long,0.474896909945528,2.105720165908645
11,SSS,intermediate,0.5637271743325982,1.7739077439080513
11,SSS,long,0.5840347872144775,1.7122267746574586
11,SSS,long,0.5187543617212214,1.9276946350523412
11,SSS,long,0.5605560754484031,1.7839428449688544
11,SSS,intermediate,0.5511938095150981,1.8142438879706038
11,SSS,long,0.571506542066345,1.7497612474992668
11,SSS,long,0.48569433444936294,2.0589081013961406
11,SSS,long,0.554223385595833,1.8043266054623854
11,SSS,short,0.45732083413167857,2.1866486837380017
11,SSS,intermediate,0.6351729855377926,1.57437426145149
11,SSS,intermediate,0.570113255205797,1.7540374493468396
11,SSS,intermediate,0.5580298745044274,1.7920187532756653
11,SSS,long,0.6634925463149557,1.5071759367215354
11,SSS,long,0.5667302377405576,1.764507932357384
11,SSS,intermediate,0.5571085132978624,1.7949824426131902
11,SSS,intermediate,0.5992258192709414,1.668819947072153
11,SSS,short,0.5247092916397378,1.9058172133277067
11,SSS,intermediate,0.5881685705680866,1.7001928529335446
11,SSS,long,0.5772992690181127,1.7322038215998938
11,SSS,short,0.5402766023471486,1.850903769764698
11,SSS,intermediate,0.5820448552112794,1.7180806445527381
11,SSS,long,0.6522866252344102,1.5330683802394893
11,SSS,long,0.5507165628223447,1.8158160976222342
11,SSS,intermediate,0.5428605825873092,1.8420935910173002
11,SSS,intermediate,0.5167296889703721,1.935247812047698
11,SSS,intermediate,0.5692481920850696,1.7567029880888194
11,SSS,long,0.5770476728648646,1.7329590725759398
11,SSS,long,0.5332686620677123,1.8752273874908931
11,SSS,short,0.5004148851294303,1.9983418353779663
11,SSS,long,0.6609798574500019,1.512905406615424
11,SSS,long,0.6550527201325167,1.5265946835511204
11,SSS,long,0.6331718999135774,1.5793499366230428
11,SSS,intermediate,0.5986809195310343,1.6703388522609532
11,SSS,short,0.7015742387447972,1.4253659053803391
11,SSS,short,0.7545432745100698,1.3253050338952488
11,SSS,long,0.5639675983693451,1.7731515124120574
11,SSS,long,0.6636870759684825,1.5067341767063254
11,SSS,long,0.601182436250383,1.6633885817374674
11,SSS,intermediate,0.7228324681782397,1.38344643333511
11,SSS,long,0.6338572069071233,1.5776423918558147
11,SSS,intermediate,0.6395769968075911,1.563533405659425
11,SSS,long,0.5826990783389192,1.7161516761802105
12,SSS,short,0.4707403597458324,2.124313285013275
12,SSS,intermediate,0.9475867482251488,1.0553123520068453
12,SSS,long,0.4841987427062122,2.0652676510701937
12,SSS,intermediate,0.5543242226303846,1.8039983806855677
12,SSS,intermediate,0.5744184541690629,1.7408911443253874
12,SSS,intermediate,0.4561472342466004,2.19227460986727
12,SSS,long,0.502382233098615,1.990516252599453
12,SSS,intermediate,0.5609893265718711,1.7825651088780299
12,SSS,intermediate,0.5757897994808445,1.7367449039591194
12,SSS,long,0.5181585553436889,1.9299112012860828
12,SSS,intermediate,0.5981820400811557,1.6717319026568056
12,SSS,long,0.5258415631979005,1.9017135007710486
12,SSS,long,0.4840107769705355,2.066069698404413
12,SSS,long,0.5649313044013979,1.770126725513293
12,SSS,intermediate,0.6257559546866105,1.5980670939053507
12,SSS,long,0.5991909845470218,1.6689169660254202
12,SSS,long,0.5679533837937925,1.7607078829608158
12,SSS,long,0.6276122077069886,1.5933405815249326
12,SSS,intermediate,0.46617469406555756,2.145118584792531
12,SSS,long,0.6065048262498749,1.6487914963235732
12,SSS,long,0.6256041924716556,1.5984547610673299
12,SSS,short,0.5613349055965955,1.7814676942941654
12,SSS,long,0.5282807857838634,1.8929327488528649
12,SSS,short,0.5863998631757568,1.7053209981740365
12,SSS,long,0.7348024652928871,1.3609099686422623
12,SSS,long,0.5876280400407268,1.7017567778601799
12,SSS,intermediate,0.5251692946767434,1.904147881714083
12,SSS,intermediate,0.593705659648549,1.6843363100024373
12,SSS,long,0.5906654784994316,1.6930056629354246
12,SSS,long,0.6248306272354966,1.6004337118114782
12,SSS,long,0.6198875673289876,1.613195767595188
12,SSS,long,0.5828314398095245,1.7157619368076826
12,SSS,long,0.8573153477082087,1.166431935078753
12,SSS,intermediate,0.5888344582235732,1.6982701776945133
12,SSS,intermediate,0.7900391576586117,1.2657600453167863
12,SSS,intermediate,0.5231232474616263,1.9115954124622514
12,SSS,long,0.5931243920749694,1.6859869756858736
12,SSS,long,0.6462100836106401,1.547484363618393
12,SSS,long,0.6382438472282956,1.5667992795272596
12,SSS,long,0.6788104359220597,1.4731653302319279
12,SSS,intermediate,0.6230292280270078,1.605061135200307
12,SSS,long,0.588579570845468,1.699005622236506
13,SSS,long,0.7966714840149507,1.2552225353421003
13,SSS,intermediate,0.5859839449512947,1.7065313966632945
13,SSS,intermediate,0.6061525594923296,1.6497496947592354
13,SSS,long,0.5919250220213144,1.689403155462469
13,SSS,intermediate,0.5937202175955463,1.6842950102824685
13,SSS,long,0.666905429920007,1.499462975012734
13,SSS,long,0.5977370088294265,1.6729765519427047
13,SSS,long,0.679609483020613,1.4714332642260517
13,SSS,long,0.6289035275731294,1.5900689949361417
13,SSS,intermediate,0.6039293182002439,1.6558229081841522
13,SSS,long,0.5695960656848911,1.7556301039361721
13,SSS,long,0.6241972188727232,1.602057762778826
13,SSS,long,0.6225532380740333,1.606288328197694
13,SSS,intermediate,0.6077407718366885,1.6454383946922668
13,SSS,intermediate,0.5338285583238758,1.87326058976653
13,SSS,long,0.5524597920884844,1.8100864792705775
13,SSS,long,0.6885476114985067,1.4523323925613076
13,SSS,intermediate,0.6021101696205733,1.66082562702796
13,SSS,intermediate,0.5863887690502452,1.7053532618294642
13,SSS,short,0.5878646306882729,1.7010718927403377
13,SSS,long,0.6908296472356596,1.447534864783929
13,SSS,short,0.5144135582741001,1.9439612038125171
13,SSS,long,0.5629679486046371,1.7763000584288737
13,SSS,long,0.5472940883555566,1.8271712069916188
13,SSS,intermediate,0.5160600989293016,1.937758803819081
13,SSS,intermediate,0.5844852454174543,1.710907174886467
13,SSS,intermediate,0.5969152102952648,1.6752798098499597
13,SSS,long,0.5268146332673496,1.898200879117412
13,SSS,long,0.6186272395752894,1.6164823273649203
13,SSS,long,0.5046610275821877,1.981528085873726
13,SSS,long,0.6932717568379303,1.442435798280724
13,SSS,intermediate,0.5807416281641054,1.7219361442390368
13,SSS,long,0.5918693540043023,1.6895620515481715
13,SSS,long,0.5434435053830384,1.8401176757005573
13,SSS,long,0.605818597767211,1.6506591307787075
13,SSS,long,0.5493408819238539,1.820363335235286
14,SSS,short,0.48518858751049265,2.061054249299246
14,SSS,intermediate,0.5553987252060324,1.8005082738154232
14,SSS,short,1.0014381153741851,0.9985639498316401
14,SSS,long,0.6924668839783408,1.4441123801543099
14,SSS,short,0.7023478841292672,1.4237958461848943
14,SSS,intermediate,0.6133545210468583,1.6303784608829894
14,SSS,short,0.6054049236699939,1.6517870286517522
14,SSS,intermediate,0.5243092297750991,1.9072714024678663
14,SSS,short,0.5475286658329424,1.826388392795332
14,SSS,intermediate,0.570919245830737,1.751561201172879
14,SSS,long,0.62705535790883,1.594755530572141
14,SSS,intermediate,0.614337867096765,1.6277687792969613
14,SSS,intermediate,0.9313354912155773,1.073726932380513
14,SSS,short,0.6316489989985712,1.5831577372645564
14,SSS,long,0.5304056825116277,1.8853493334850873
14,SSS,intermediate,0.49552505716565065,2.0180614189722133
14,SSS,long,0.5469671456667129,1.828263375455711
14,SSS,long,0.5051945044542663,1.9794356256512424
14,SSS,long,0.5002114012604579,1.9991547523310136
14,SSS,intermediate,0.4830353925644886,2.0702416746128867
14,SSS,long,0.5267835024278611,1.8983130553465695
14,SSS,long,0.5733997352654114,1.7439840629454193
14,SSS,long,0.6030707111349329,1.6581803452501889
14,SSS,intermediate,0.6283226638333872,1.5915389616841369
14,SSS,intermediate,0.5809682814578991,1.721264364881625
14,SSS,intermediate,0.6468654467025772,1.5459165504936776
14,SSS,long,0.5719256304728333,1.7484790796545713
14,SSS,long,0.47506988752866164,2.1049534526426252
14,SSS,intermediate,0.6011983675998636,1.6633445030668559
14,SSS,short,0.4810661406663712,2.0787162418348615
14,SSS,intermediate,0.6213849364430644,1.6093084034579377
14,SSS,short,0.4578743143356405,2.1840054545338816
14,SSS,short,0.5429299684765283,1.8418581733589303
14,SSS,long,0.5444931192905642,1.8365704993718357
14,SSS,short,0.8275870645302348,1.2083320811298959
14,SSS,intermediate,0.5347741207515355,1.8699483785690065
14,SSS,long,0.6350774257443845,1.5746111567859364
14,SSS,long,0.5257396977976896,1.9020819698207592
14,SSS,intermediate,0.5647317991824821,1.7707520657551452
14,SSS,long,0.514167737448588,1.9448906011921658
14,SSS,long,0.6019234156410675,1.6613409181547927
14,SSS,short,0.6849338733009063,1.4599949556892164
14,SSS,long,0.5424318958539516,1.8435494071116487
14,SSS,long,0.5676304575172253,1.7617095537366474
14,SSS,short,0.4943272962118499,2.0229512059383383
14,SSS,long,0.6872081124456599,1.455163264067366
14,SSS,intermediate,0.5112451262830291,1.9560088665694049
14,SSS,intermediate,0.6252474396897014,1.5993668050784522
14,SSS,short,0.5492045132850762,1.8208153352900958
14,SSS,short,0.4672037314157933,2.140393864085042
14,SSS,intermediate,0.6028100361290853,1.6588973972985757
14,SSS,long,0.5591961352620274,1.7882813148045476
14,SSS,long,0.7090830815723166,1.4102719779783859
14,SSS,long,0.5206441442715004,1.9206976799849107
14,SSS,long,0.5778025485342368,1.7306950316103469
14,SSS,intermediate,0.47525992803275585,2.1041117523610744
14,SSS,long,0.682647200737847,1.4648855205428786
15,SSS,intermediate,0.58378760915366,1.7129517384751272
15,SSS,short,0.6321854938287288,1.5818142139637883
15,SSS,long,0.5104833507502917,1.95892774667427
15,SSS,short,0.8333082782046404,1.200036080470119
15,SSS,short,0.44348472100682557,2.2548691141596495
15,SSS,intermediate,0.5058597228780854,1.9768326173716833
15,SSS,long,0.4996385691338219,2.00144676927886
15,SSS,intermediate,0.5882989695237484,1.6998159979942513
15,SSS,intermediate,0.5708817869308405,1.7516761313689364
15,SSS,short,0.4870638810971286,2.0531187772484065
15,SSS,short,0.46513954349211417,2.1498924655864133
15,SSS,long,0.5678174700879026,1.7611293288408194
15,SSS,intermediate,0.5942943084228318,1.6826679741454202
15,SSS,long,0.5286842115456238,1.8914882989913215
15,SSS,long,0.4322749786952045,2.313342315158834
15,SSS,long,0.598962916439632,1.6695524423185013
15,SSS,long,0.539650037244428,1.8530527767703315
15,SSS,long,0.5864138268516399,1.7052803910999792
15,SSS,short,0.5050829928950407,1.9798726428466502
15,SSS,intermediate,0.5799337631033268,1.7243348527404672
15,SSS,long,0.5458565632870886,1.8319831018942214
15,SSS,long,0.39438598742708564,2.53558704385987
15,SSS,intermediate,0.47852515371050686,2.0897543049638085
15,SSS,intermediate,0.4426725188968703,2.2590062796126964
15,SSS,short,0.4940158704703208,2.02422646674886
15,SSS,intermediate,0.5329141718975734,1.8764747734879172
15,SSS,short,0.5654507108847611,1.7685007388801393
15,SSS,short,0.47500612572184764,2.1052360082311368
15,SSS,intermediate,0.5046580856433138,1.9815396373274157
15,SSS,long,0.5670182769536041,1.7636115812221418
15,SSS,long,0.43424370896536857,2.3028543174122325
15,SSS,intermediate,0.5512799867137801,1.8139602817092497
15,SSS,short,0.4731602949614171,2.1134486782783477
15,SSS,intermediate,0.5495915864012204,1.8195329490906111
15,SSS,intermediate,0.5542631199059542,1.8041972559344688
15,SSS,long,0.5386990819242783,1.8563239358565753
15,SSS,long,0.5884540498955175,1.6993680308217
15,SSS,long,0.5279726017033681,1.8940376769054996
15,SSS,long,0.5464815580344293,1.8298879171637081
15,SSS,long,0.5713109534990508,1.750360279065893
15,SSS,short,0.5836643978545908,1.7133133418378066
15,SSS,intermediate,0.5414088602992706,1.847032941882845
15,SSS,long,0.5489719210891053,1.8215867908436922
15,SSS,long,0.586307071702322,1.7055908895939718
15,SSS,long,0.5238757532497402,1.9088495579280675
15,SSS,long,0.6032912748632953,1.657574113311349
15,SSS,long,0.6301701916672755,1.5868729007226534
16,SSS,intermediate,0.5120985757966992,1.9527490355626287
16,SSS,intermediate,0.5010955518810079,1.995627373354661
16,SSS,short,0.5710655758739449,1.7511123805171136
16,SSS,intermediate,0.3963188835477922,2.523220672828247
16,SSS,short,0.4430369376204908,2.257148140674014
16,SSS,intermediate,0.6146178104681894,1.627027370453588
16,SSS,long,0.6238929266401101,1.6028391368136885
16,SSS,intermediate,0.53332697378937155,1.8750223580383412
16,SSS,short,0.34645000338787213,2.886419368512571
16,SSS,short,0.5738666149263736,1.7425652128732019
16,SSS,long,0.42695130506763235,2.3421874769573368
16,SSS,intermediate,0.5859519125078805,1.7066246882273826
16,SSS,long,0.7360571777098812,1.35859010724049
16,SSS,long,0.5516420644125901,1.8127696644468887
16,SSS,long,0.6016478972742334,1.6621017118658625
16,SSS,long,0.4689188014017418,2.132565375947166
16,SSS,short,0.5297221376968082,1.8877821575438103
16,SSS,long,0.6311395340017043,1.5844356851797208
16,SSS,short,0.4328600181324873,2.310215677378468
16,SSS,intermediate,0.5950964756193571,1.6803998023332813
16,SSS,intermediate,0.6324730399355758,1.5810950615410593
16,SSS,short,0.8570887953101192,1.1667402554692965
16,SSS,intermediate,0.5189292053692043,1.9270451338126684
16,SSS,long,0.5454166596755385,1.8334606804912914
16,SSS,long,0.6123342295759358,1.6330950511986522
16,SSS,intermediate,0.5327563071041368,1.877030805014068
16,SSS,intermediate,0.629415466071805,1.5887757036556804
16,SSS,short,1.0006082636245992,0.9993921061351264
16,SSS,intermediate,0.5168482193839736,1.9348039956331673
16,SSS,long,0.5564773886289913,1.797018208527264
16,SSS,short,0.614145623811055,1.6282783125515767
16,SSS,short,0.6140841870801523,1.6284412154541876
16,SSS,short,0.8090367948752828,1.2360377257676582
16,SSS,short,0.4251743195054587,2.351976481465648
16,SSS,short,0.5364091573283076,1.864248561640332
16,SSS,intermediate,0.5847178008116316,1.710226708699352
16,SSS,long,0.6236030388390645,1.6035842318242353
16,SSS,long,0.5066216735576745,1.9738594935697291
16,SSS,intermediate,0.7015545338217635,1.4254059403656558
16,SSS,intermediate,0.6218389273271896,1.608133482891198
16,SSS,intermediate,0.5719329291605391,1.7484567665438693
16,SSS,long,0.5719479226390831,1.7484109311662472
16,SSS,long,0.5514772442402318,1.813311447469961
16,SSS,long,0.6324694911600091,1.5811039330385805
16,SSS,long,0.6509345166268758,1.5362528402733528
16,SSS,short,0.3671319786517415,2.7238161155898437
16,SSS,long,0.5198718917963561,1.923550812767772
16,SSS,intermediate,0.48541137750726193,2.0601082841018483
16,SSS,intermediate,0.4900732542737387,2.040511273119657
16,SSS,short,0.5400244157353882,1.8517681254063885
16,SSS,short,0.5961192491522525,1.6775167073066517
16,SSS,long,0.6196917505585589,1.6137055222998378
16,SSS,long,0.39340422154054977,2.5419147666592234
16,SSS,intermediate,1.15916685416596,0.8626885736130858
16,SSS,long,0.4695053010364063,2.1299014042920428
16,SSS,short,0.6581344979349524,1.5194462577751644
17,SSS,short,0.43218184353463585,2.3138408402847634
17,SSS,intermediate,0.40093078073550714,2.494196125738964
17,SSS,long,0.514740424876436,1.9427267641550614
17,SSS,short,0.7751188956281112,1.290124657830278
17,SSS,intermediate,0.5224580188623804,1.914029383982731
17,SSS,short,0.43186186178718344,2.3155552469062166
17,SSS,intermediate,0.4947386402927805,2.02126924917005
17,SSS,short,0.3764585769131372,2.6563347505580586
17,SSS,intermediate,0.3452737046245602,2.8962529917746522
17,SSS,long,0.37132095002016285,2.6930880144136755
17,SSS,intermediate,0.373092003264901,2.6803040302367047
17,SSS,short,0.40989246374738286,2.43966427403335
17,SSS,intermediate,0.5830214207780955,1.7152028456611568
17,SSS,long,0.5954734646566067,1.6793359559299132
17,SSS,intermediate,0.5116912731227785,1.9543034101346761
17,SSS,long,0.46279093152770656,2.1608029282227443
17,SSS,long,0.3886690802828525,2.5728828217368194
17,SSS,long,0.540907983408033,1.8487432810649638
17,SSS,intermediate,0.5080793191882549,1.9681966225227865
17,SSS,long,0.59179678298824,1.6897692396206752
17,SSS,long,0.3645479421466007,2.7431234259933257
17,SSS,long,0.5734137403360364,1.7439414678378167
17,SSS,intermediate,0.4816294453339651,2.076285014730761
17,SSS,intermediate,0.5080630458305677,1.9682596642415255
17,SSS,long,0.4810602435227338,2.0787417240658805
17,SSS,short,0.3857349391128082,2.5924537774566225
17,SSS,long,0.6471605729766452,1.545211562256417
17,SSS,intermediate,0.42801184143900173,2.336383957597854
17,SSS,long,0.533479104993603,1.8744876615401669
17,SSS,short,0.38472105471009854,2.5992858663624134
17,SSS,intermediate,0.44680025586239935,2.238136587611913
17,SSS,long,0.5092579497013503,1.9636414131314806
17,SSS,long,0.4856518907472491,2.0590880403272975
17,SSS,intermediate,0.4622870066050382,2.1631583533870873
17,SSS,short,0.4065363129739126,2.459804863887202
17,SSS,intermediate,0.4750888362432306,2.1048694974765336
17,SSS,intermediate,0.5030782794019615,1.9877622249737326
17,SSS,long,0.5968073320254916,1.6755826316780014
17,SSS,long,0.5696138205967145,1.7555753807946983
17,SSS,short,0.40313902107845934,2.48053387966475
17,SSS,long,0.532513308662601,1.8778873386497787
17,SSS,long,0.47309690417023376,2.113731861665642
17,SSS,short,0.47767264311733015,2.0934839254639317
17,SSS,long,0.5369648946943926,1.8623191383286584
17,SSS,intermediate,0.4634356496462715,2.157796882400554
17,SSS,intermediate,0.56944871001906,1.7560844065596868
17,SSS,long,0.3742104772099992,2.672292896382002
17,SSS,long,0.48943352642891114,2.0431783807218347
17,SSS,intermediate,0.4851750265224837,2.061111857235419
17,SSS,long,0.5912882868979068,1.6912224073409767
17,SSS,intermediate,0.4585819836938754,2.180635165701464
17,SSS,long,0.6883243051397585,1.4528035586320875
18,SSS,intermediate,0.4239631067030132,2.3586958020394486
18,SSS,short,0.9635965562192723,1.0377787192635461
18,SSS,long,0.5767037512268871,1.7339925358081805
18,SSS,short,0.6421371488831937,1.557299716640288
18,SSS,intermediate,0.5845014606311452,1.7108597109752286
18,SSS,intermediate,0.4953556833206676,2.018751441986892
18,SSS,intermediate,0.5018974140402861,1.9924390363958568
18,SSS,long,0.4878715572413057,2.0497198189920116
18,SSS,intermediate,0.44397831227979623,2.252362271627803
18,SSS,short,0.8432561017107219,1.1858793526323619
18,SSS,intermediate,0.4343150111089926,2.3024762543817467
18,SSS,short,0.5388073517824523,1.8559509195482504
18,SSS,short,0.39208165474701673,2.5504891338138
18,SSS,long,0.5482484934327658,1.823990420363343
18,SSS,intermediate,0.473414363397751,2.1123144486425836
18,SSS,long,0.43119563479558565,2.3191329394465323
18,SSS,long,0.5931623924407177,1.6858789645871604
18,SSS,long,0.42454419570276514,2.355467369762669
18,SSS,intermediate,0.5711662183166482,1.7508038254559573
18,SSS,long,0.7863304098136723,1.2717300355164423
18,SSS,long,0.536766775068827,1.863006516883939
18,SSS,long,0.49612784781493247,2.0156094934082875
18,SSS,intermediate,0.5603793199989013,1.784505538145056
18,SSS,intermediate,0.49637999435071833,2.0145856226700545
18,SSS,intermediate,0.5087757667643018,1.965502418402851
18,SSS,long,0.49618434766307473,2.0153799786506617
18,SSS,long,0.6021116745832842,1.660821475836838
18,SSS,intermediate,0.7486837798787747,1.3356773939485078
18,SSS,short,0.6315252354834229,1.5834679974973849
18,SSS,short,0.612163367215544,1.6335508682078619
18,SSS,long,0.46332633146084845,2.158305997518082
18,SSS,intermediate,0.5259607014304493,1.9012827332542366
18,SSS,long,0.557094490446616,1.7950276248438788
18,SSS,long,0.5179699052241631,1.9306140953637598
18,SSS,intermediate,0.44005132280290127,2.2724622065228957
18,SSS,intermediate,0.6134678004891612,1.6300774045559188
18,SSS,short,0.4337951996421907,2.3052352834352123
18,SSS,long,0.5755708524957299,1.7374055612161474
18,SSS,long,0.6332144032639917,1.579243925667769
18,SSS,long,0.6349695552780759,1.574878656287803
18,SSS,long,0.6770569994696416,1.476980521260882
18,SSS,long,0.4678214514278807,2.1375676488280058
18,SSS,intermediate,0.44786164857214317,2.2328324007830656
18,SSS,intermediate,0.5684712544898503,1.7591038985733878
18,SSS,short,0.45845143747283146,2.1812561119066434
18,SSS,intermediate,0.49256106760003604,2.030205117250576
18,SSS,long,0.5469250677560922,1.8284040336691278
18,SSS,long,0.7013283435080666,1.4258656580140028
18,SSS,long,0.47510426258668303,2.1048011536574025
18,SSS,intermediate,0.4718676811316982,2.1192381677881857
18,SSS,long,0.5466235524509102,1.8294125738202718
18,SSS,short,0.6479952368827071,1.5432212199748143
18,SSS,long,0.5656899629684631,1.7677527717700543
19,SSS,long,0.5270735932226671,1.8972682616970733
19,SSS,intermediate,0.47136276017590717,2.1215082829768126
19,SSS,short,0.5191023908482748,1.92640222358807
19,SSS,intermediate,0.461310762228095,2.1677361160404716
19,SSS,intermediate,0.6093355972006975,1.6411317582527989
19,SSS,long,0.4782067125743197,2.091145886716483
19,SSS,short,0.48462316936274874,2.063458916574174
19,SSS,intermediate,0.4460437932284549,2.2419323285770276
19,SSS,short,0.4735554579347081,2.1116850904036584
19,SSS,long,0.4674374069782061,2.1393238646958013
19,SSS,intermediate,0.4548875401105761,2.1983455509836904
19,SSS,long,0.5297510176114884,1.8876792431824745
19,SSS,long,0.44211533163797867,2.2618532505876523
19,SSS,long,0.5141754033647885,1.9448616045340792
19,SSS,long,0.5552202845519787,1.8010869340030062
19,SSS,long,0.4158419048617361,2.4047600501745765
19,SSS,long,0.5712583181320952,1.7505215561145921
19,SSS,short,0.44209009879341465,2.261982348687009
19,SSS,intermediate,0.49411766769117094,2.023809439303456
19,SSS,intermediate,0.4679625427324936,2.1369231694504247
19,SSS,intermediate,0.49698836105744704,2.0121195552191407
19,SSS,long,0.5691703915363178,1.7569431138200584
19,SSS,short,0.38814428505065734,2.5763615194527167
19,SSS,long,0.5269507202319801,1.8977106617479693
19,SSS,intermediate,0.5195951627320028,1.9245752688344038
19,SSS,intermediate,0.5149263548082672,1.9420252831540346
19,SSS,short,0.5428790457845025,1.8420309418185814
19,SSS,intermediate,0.44029783532823785,2.271189907746218
19,SSS,short,0.4210485198855167,2.3750231927472405
19,SSS,long,0.5083914682727482,1.9669881624833003
19,SSS,long,0.4518388089709333,2.2131786383677587
19,SSS,long,0.46730270387706696,2.1399405389767856
19,SSS,intermediate,0.49071384823582775,2.037847522736752
19,SSS,short,0.45937977303401567,2.176848130241801
19,SSS,intermediate,0.40322974218543095,2.479975793898992
19,SSS,intermediate,0.4925977179009351,2.0300540657419512
19,SSS,short,0.4688896304833179,2.132698048726795
19,SSS,long,0.5950759856568766,1.6804576627237726
19,SSS,long,0.5122409400846664,1.9522063188364323
19,SSS,long,0.5931860820492147,1.6858116369578495
19,SSS,long,0.5171227644241299,1.9337767911138166
19,SSS,short,0.474880237281468,2.1057940960539203
19,SSS,long,0.5575176255551924,1.7936652657468377
19,SSS,intermediate,0.5464197444234742,1.8300949228236563
19,SSS,intermediate,0.5978543414312298,1.672648219976217
19,SSS,short,0.39954410102836846,2.5028526198388246
19,SSS,intermediate,0.551071913292617,1.8146451958058767
19,SSS,long,0.5116841718518117,1.9543305324081999
19,SSS,long,0.5725757836116827,1.7464937020078266
19,SSS,long,0.4398828282191971,2.2733326600821346
19,SSS,intermediate,0.6394987769872387,1.563724648092572
19,SSS,long,0.5583033178754704,1.7911410661239346
19,SSS,intermediate,0.47244910740846535,2.116630096912068
19,SSS,long,0.6396863777117687,1.5632660548081612
20,SSS,intermediate,0.48448684616960236,2.064039525337152
20,SSS,long,0.5436631393713469,1.8393742881967836
20,SSS,intermediate,0.5626789449524949,1.7772124032194356
20,SSS,short,0.4923089998701471,2.0312446050422865
20,SSS,intermediate,0.5312305227125762,1.882421956656005
20,SSS,long,0.5172221388565958,1.9334052525490568
20,SSS,intermediate,0.45777925612128456,2.184458964945015
20,SSS,short,0.4544935127341887,2.2002514270976
20,SSS,intermediate,0.5873653548460425,1.7025178481323868
20,SSS,long,0.5463286689810047,1.830400007865538
20,SSS,intermediate,0.4636840862167446,2.1566407597878174
20,SSS,long,0.49173431475719553,2.0336185008641743
20,SSS,long,0.559114544199474,1.7885422770244235
20,SSS,short,0.9912153976874833,1.0088624554592385
20,SSS,long,0.6554912304491154,1.5255734227212185
20,SSS,intermediate,0.6150191731649102,1.6259655692585404
20,SSS,long,0.6429926063701714,1.555227836359131
20,SSS,long,0.6023521478764451,1.6601584364319735
20,SSS,long,0.5254997620468203,1.9029504335168537
20,SSS,short,0.7952121196249209,1.2575261057033083
20,SSS,intermediate,0.6016743375985243,1.6620286715091115
20,SSS,short,0.8948401742054557,1.1175179979910017
20,SSS,intermediate,0.49688124800923106,2.0125533092796895
20,SSS,long,0.5481118033749226,1.8244452935379942
20,SSS,intermediate,0.6007913938447018,1.6644712461684985
20,SSS,long,0.608555768194492,1.6432347736459283
20,SSS,long,0.6474083580815204,1.5446201574587672
20,SSS,long,0.5101227953491616,1.9603123191456955
20,SSS,long,0.5460692302331154,1.8312696351213615
20,SSS,long,0.6348197737424925,1.5752502385120075
20,SSS,short,0.45993411651579663,2.1742244466999754
20,SSS,long,0.6363286192863598,1.571515046928891
20,SSS,intermediate,0.6720527133838914,1.4879785172874942
20,SSS,intermediate,0.6064296344120521,1.6489959316871505
20,SSS,long,0.6451114460924146,1.55011976001546
20,SSS,long,0.6970239974143624,1.4346708344469328
20,SSS,long,0.587717353264452,1.7014981682020123
20,SSS,long,0.7062372438067541,1.4159547783260598
20,SSS,long,0.6638860777402442,1.5062825287793813
21,SSS,short,0.5324782867428439,1.8780108502019386
21,SSS,intermediate,0.594986766234797,1.680709650616623
21,SSS,short,0.682231755428802,1.4657775631852137
21,SSS,long,0.5293699040266802,1.8890382554683354
21,SSS,short,0.6120936591250938,1.6337369046256196
21,SSS,intermediate,0.5448425189897534,1.83539273303082
21,SSS,short,0.6082522466167575,1.6440547578118059
21,SSS,intermediate,0.5727069759486767,1.7460936255290442
21,SSS,short,0.6105083839356666,1.6379791437972728
21,SSS,intermediate,0.5870762978956918,1.7033561116065938
21,SSS,long,0.5017303476961388,1.993102479433089
21,SSS,intermediate,0.49013772575199255,2.040242869421554
21,SSS,short,0.5368539753872028,1.8627039117643784
21,SSS,short,0.48380339029972674,2.0669553377467618
21,SSS,intermediate,0.5663790401049482,1.7656020600880697
21,SSS,short,0.5787802072518389,1.7277715918244592
21,SSS,long,0.6713774657982867,1.4894750731780546
21,SSS,intermediate,0.5262565844568599,1.9002137541558408
21,SSS,long,0.5854848059389042,1.7079862531980905
21,SSS,long,0.5067284442666278,1.9734435895882434
21,SSS,long,0.6100402980664512,1.6392359704261221
21,SSS,intermediate,0.7176526907896914,1.3934316875473831
21,SSS,long,0.5897833335511677,1.6955379087755167
21,SSS,long,0.6119821230386151,1.634034659435471
21,SSS,short,0.5527122126586619,1.8092598229190375
21,SSS,long,0.54014264431316406,1.851362803008421
21,SSS,short,0.5239770428452175,1.9084805597015428
21,SSS,intermediate,0.6050614003288501,1.652724830003205
21,SSS,intermediate,0.5939823929147678,1.6835515865930604
21,SSS,long,0.5658233709837077,1.7673359767049883
21,SSS,short,0.539829246190493,1.8524376125541069
21,SSS,long,0.5369783107053081,1.8622726096451159
21,SSS,intermediate,0.6144110498644295,1.627574895048927
21,SSS,short,0.5129194284236291,1.949623945954495
21,SSS,intermediate,0.4269858110383211,2.3419981979453928
21,SSS,short,0.5610454210509488,1.7823868843396007
21,SSS,short,0.422951035292499,2.3643398799306237
21,SSS,short,0.514991893338447,1.941778138520738
21,SSS,long,0.5164612441330974,1.9362537099536743
21,SSS,short,0.42125989223859506,2.3738314955310664
21,SSS,short,0.5429671549973136,1.841732028901357
21,SSS,short,0.5896515894201002,1.6959167378544027
21,SSS,short,0.5052853283195873,1.9790798266905372
21,SSS,intermediate,0.45995048053737264,2.1741470925993442
21,SSS,long,0.4988893737536273,2.004452394878714
21,SSS,intermediate,0.5534164406344644,1.8069575216333469
21,SSS,short,0.5756393658011802,1.737198773068952
21,SSS,intermediate,0.48818300657876534,2.048412145699414
21,SSS,short,0.7049799022861407,1.418480153486865
21,SSS,intermediate,0.46941788292315323,2.130298048665748
21,SSS,short,0.5705851354941842,1.7525868407593534
21,SSS,long,0.5251590475272678,1.9041850363400186
21,SSS,short,0.5661882367057842,1.7661970616313654
21,SSS,long,0.5671450700465357,1.763217301559101
21,SSS,short,0.5576286649229587,1.7933080971333473
21,SSS,long,0.5455293765917304,1.833081852067504
21,SSS,long,0.5251822689751862,1.9041008409353746
21,SSS,short,0.5443516652303515,1.83704774665626
21,SSS,long,0.5723998824651062,1.7470304076468088
21,SSS,intermediate,0.6091554110898869,1.6416171994775897
21,SSS,short,0.5233265644892526,1.9108527406323488
21,SSS,short,0.5122305524018884,1.9522459082358972
21,SSS,short,0.5795641560980584,1.725434517435558
21,SSS,short,0.4532235746301012,2.206416559015384
21,SSS,intermediate,0.5452209153190779,1.8341189266643838
21,SSS,short,0.5623305508997873,1.7783134819900788
21,SSS,intermediate,0.48792519366179476,2.0494944983167844
21,SSS,long,0.5032061859747046,1.9872569691547244
21,SSS,long,0.697744318691548,1.4331897418745883
21,SSS,long,0.5492744292350835,1.8205835676577815
21,SSS,intermediate,0.5440210795859457,1.8381640666591443
21,SSS,long,0.5555266668088734,1.8000936044066553
21,SSS,intermediate,0.6032878815894946,1.6575834365598063
21,SSS,short,0.5096663194999564,1.962068046758749
21,SSS,long,0.5465438064384216,1.82967950275852
22,SSS,short,0.4122240215801867,2.4258654218322353
22,SSS,short,0.4204018108357559,2.378676718856198
22,SSS,long,0.47040490093058906,2.1258281918868778
22,SSS,intermediate,0.4468323891342152,2.237975635422502
22,SSS,short,0.4055033324402757,2.4660709789537534
22,SSS,intermediate,0.4209565657292842,2.3755419950929015
22,SSS,long,0.39944381460372824,2.50348099892862
22,SSS,intermediate,0.4946363898779964,2.0216870825995095
22,SSS,short,0.4757494907680666,2.1019465483516653
22,SSS,intermediate,0.5865167090960313,1.7049812639460005
22,SSS,short,0.5338905096723465,1.8730432211910062
22,SSS,short,0.48856315857119625,2.046818272021373
22,SSS,long,0.4586122454202268,2.1804912755517445
22,SSS,intermediate,0.461657180567272,2.166109490100916
22,SSS,long,0.450693549013522,2.2188025592751437
22,SSS,long,0.4879136894378462,2.0495428221170804
22,SSS,long,0.46744334358663764,2.139296694925888
22,SSS,intermediate,0.5438164899460389,1.838855603843912
22,SSS,long,0.5864411936781835,1.7052008125963296
22,SSS,long,0.47722341270855395,2.0954546096645763
22,SSS,long,0.5769209487843909,1.733339727231371
22,SSS,intermediate,0.501905800003442,1.992405746243901
22,SSS,intermediate,0.49040734375739703,2.0391211769754753
22,SSS,intermediate,0.4871415305970004,2.0527915137403348
22,SSS,long,0.46004978101700544,2.1736778089304982
22,SSS,short,0.45174692506407155,2.2136287919572877
22,SSS,long,0.5191412336571375,1.926258087718075
22,SSS,intermediate,0.698035424677073,1.4325920499846017
22,SSS,intermediate,0.46710069010441657,2.140866029926991
22,SSS,short,0.45497927740507293,2.1979022994264623
22,SSS,intermediate,0.4862027990166098,2.0567549220666614
22,SSS,short,0.4485244464085554,2.229532878324122
22,SSS,long,0.5087042808008846,1.9657786217675193
22,SSS,short,0.45712505780829815,2.1875851759134237
22,SSS,short,0.4106660725665279,2.4350684578113038
22,SSS,long,0.5056966462580021,1.9774701046560006
22,SSS,long,0.4676312085794052,2.1384372592194025
22,SSS,intermediate,0.5211785863648402,1.9187281023475722
22,SSS,short,0.4285571921427618,2.333410845353117
22,SSS,intermediate,0.4549963641911745,2.197819760115342
22,SSS,long,0.5096527032146696,1.962120466922732
22,SSS,long,0.5349935190970427,1.8691815214655143
22,SSS,short,0.672648248000769,1.4866611233615477
22,SSS,long,0.5212005278808647,1.9186473276722749
22,SSS,long,0.453935125755379,2.202957963070013
22,SSS,long,0.46436612679826794,2.153473180515651
22,SSS,intermediate,0.4298985507048201,2.3261301959741356
22,SSS,intermediate,0.433462951456022,2.3070022400783134
22,SSS,short,0.4833267128706211,2.0689938573034845
22,SSS,intermediate,0.47238191445649136,2.116931172419186
22,SSS,long,0.4653732427977957,2.148812841039293
22,SSS,long,0.4938676043675514,2.0248341684217244
22,SSS,long,0.43716924072941765,2.2874436415780264
22,SSS,intermediate,0.5363524308995693,1.8644457308095013
22,SSS,long,0.5098485313355923,1.9613668345389044
22,SSS,intermediate,0.3849886371026514,2.5974792594550395
22,SSS,short,0.5565443022205727,1.7968021521558484
22,SSS,long,0.46073809562949464,2.1704304668658354
23,SSS,intermediate,0.4422155791326077,2.2613405026604205
23,SSS,long,0.5649036280519795,1.7702134494133313
23,SSS,short,0.46145957656699466,2.167037051087876
23,SSS,intermediate,0.6260795255875564,1.597241179643322
23,SSS,intermediate,0.5545543591942987,1.8032497327275194
23,SSS,long,0.5628584950682125,1.7766454779701077
23,SSS,intermediate,1.0415322468979866,0.9601238972468852
23,SSS,short,0.8079661749288789,1.2376755748321084
23,SSS,short,0.5357115259685088,1.8666762828970453
23,SSS,long,0.44068497490661684,2.26919467860665
23,SSS,intermediate,0.5706916195340455,1.752259829601972
23,SSS,long,0.5497729351918679,1.8189327556675834
23,SSS,long,0.5590110486446065,1.7888734085392899
23,SSS,long,0.5696691444609314,1.7554048867194372
23,SSS,intermediate,0.6294012896396453,1.5888114887284959
23,SSS,long,0.5883587526986958,1.6996432795691063
23,SSS,long,0.7823110467070364,1.2782639388888557
23,SSS,short,0.5221754334488651,1.915065198290158
23,SSS,long,0.5924073297792347,1.6880277297930428
23,SSS,intermediate,0.6666216128942324,1.5001013778391583
23,SSS,intermediate,0.594781402789522,1.681289958478871
23,SSS,intermediate,0.6382896186114522,1.5666869252478517
23,SSS,long,0.5556088323355652,1.7998273997848193
23,SSS,short,0.5373436097579543,1.861006592132823
23,SSS,short,0.5601393915712833,1.7852699078970953
23,SSS,long,0.7930457550100982,1.260961292185804
23,SSS,intermediate,0.7133928991970606,1.4017521076051107
23,SSS,intermediate,0.5594848027394619,1.7873586469258844
23,SSS,short,0.5104080106902984,1.9592168991383103
23,SSS,intermediate,0.5103324952724506,1.9595068102926332
23,SSS,short,0.5294421008657082,1.8887806586685627
23,SSS,short,0.4648990934729227,2.1510044094294267
23,SSS,intermediate,0.5191536633428768,1.926211968843503
23,SSS,long,0.634006942207634,1.5772697953715864
23,SSS,long,0.5257282585007488,1.902123357134655
23,SSS,intermediate,0.516828593070386,1.9348774688706354
23,SSS,short,0.5022908699174877,1.9908783135243369
23,SSS,intermediate,0.4159868064598413,2.4039223948236885
23,SSS,short,0.42999537315336056,2.325606419126151
23,SSS,intermediate,0.5063734563591424,1.9748270519352733
23,SSS,short,0.44378086768847425,2.2533643805076813
23,SSS,long,0.5677598096808651,1.7613081851674124
23,SSS,short,0.3893048148456728,2.5686813054095348
23,SSS,long,0.7556673963626963,1.323333525851937
23,SSS,short,0.5623408015162568,1.7782810660433483
23,SSS,long,0.5101576380620827,1.9601784338634303
23,SSS,intermediate,0.4889012370767887,2.045402883369952
23,SSS,intermediate,0.6339740299008554,1.5773516782010548
23,SSS,short,0.6494707805468352,1.5397151495530401
23,SSS,short,0.5129698101809481,1.9494324620141952
23,SSS,intermediate,0.574281745168264,1.7413055671950723
23,SSS,short,0.4434480878917384,2.255055388228748
23,SSS,long,0.5926131580199581,1.687441438764547
23,SSS,long,0.7568429135717452,1.3212781438102277
23,SSS,long,0.4836976215519826,2.0674073128402406
23,SSS,intermediate,0.48632146226009354,2.0562530704540074
23,SSS,long,0.6302192864313838,1.5867492816071993
23,SSS,long,0.5833953404653585,1.7141035086127487
24,SSS,intermediate,0.5081015712203225,1.9681104264217695
24,SSS,long,0.5985306414077058,1.670758238288459
24,SSS,short,0.5307419339078479,1.8841548709690403
24,SSS,long,0.507554861556855,1.970230364718874
24,SSS,intermediate,0.5652482733567012,1.7691341082061964
24,SSS,long,0.6555850062795798,1.5253552024854293
24,SSS,long,0.6099201213946799,1.6395589601361897
24,SSS,long,0.6432174828078132,1.5546841103179245
24,SSS,long,0.565230720123509,1.7691890486445772
24,SSS,long,0.5088742786028888,1.9651219211658602
24,SSS,short,0.45884559005935444,2.1793823928233547
24,SSS,long,0.7286060361366253,1.3724838258305123
24,SSS,long,0.6227577420359012,1.605760848080073
24,SSS,intermediate,0.5899882571393391,1.6949489890674676
24,SSS,intermediate,0.5305775553060812,1.8847386023012545
24,SSS,long,0.6080771044507856,1.6445282887327237
24,SSS,intermediate,0.55831153136387,1.7911147161104704
24,SSS,long,0.5659113442961825,1.7670612368509568
24,SSS,intermediate,0.49507459325832315,2.019897634856438
24,SSS,long,0.4987273086444475,2.005103756435603
24,SSS,long,0.5874760236911243,1.702197127496334
24,SSS,long,0.5992551485978765,1.6687382700670608
24,SSS,long,0.47741203123587184,2.0946267261244125
24,SSS,long,0.7262698834383627,1.3768986196504847
24,SSS,intermediate,0.5047202705318341,1.98129549848727
24,SSS,intermediate,0.5405871674010996,1.8498404333339082
24,SSS,long,0.6259908969368553,1.5974673192426176
24,SSS,long,0.6488400697999168,1.5412118433258455
24,SSS,long,0.524040697622695,1.908248738192452
24,SSS,intermediate,0.50517318018683,1.979519181184889
24,SSS,long,0.5944528801337583,1.6822191184858744
24,SSS,intermediate,0.5243310571240727,1.907192004770699
24,SSS,short,0.7660765639593592,1.3053525548825569
24,SSS,long,0.6390929129556753,1.5647177111935142
26,SSS,short,0.8795971286845088,1.136884111360801
26,SSS,intermediate,0.6210850048287284,1.6100855635304896
26,SSS,long,0.74281460740076,1.3462309303517566
26,SSS,short,1.050157774946456,0.9522378673537761
26,SSS,intermediate,0.5526793752578669,1.8093673199464408
26,SSS,intermediate,0.751711613268526,1.330297393772977
26,SSS,long,0.5483823325598678,1.8235452541513606
26,SSS,short,0.7457734336767317,1.3408898129689442
26,SSS,short,0.9172533981122797,1.0902112786477696
26,SSS,long,0.5618439657609997,1.7798535909263205
26,SSS,intermediate,0.6040133982996849,1.655592413703121
26,SSS,long,0.7012642117574615,1.425996055743194
26,SSS,long,0.5594714797371125,1.7874012102813273
26,SSS,long,0.7265784514238476,1.3763138695351325
26,SSS,long,0.5581435268331916,1.7916538523232985
26,SSS,long,0.5893317257805393,1.6968372077297416
26,SSS,long,0.6269086728589173,1.5951286739098043
26,SSS,intermediate,0.5822528292201241,1.7174669659216788
26,SSS,long,0.6120812583503721,1.6337700041578018
26,SSS,long,0.5934693906710891,1.6850068692998814
26,SSS,intermediate,0.662219581278805,1.5100731362683522
26,SSS,intermediate,0.6857311069188654,1.4582975599476755
26,SSS,long,0.4871477893448173,2.0527651400100497
26,SSS,short,0.62360510365761,1.6035789221972907
26,SSS,short,0.8592024522658903,1.1638700487443887
26,SSS,intermediate,0.5482408073339684,1.824015991919471
26,SSS,long,0.5092762323156421,1.963570919956489
26,SSS,long,0.5795449840588844,1.7254915968669575
26,SSS,intermediate,0.5639555764828401,1.773189310825846
26,SSS,long,0.5758841329970892,1.7364604139997282
26,SSS,short,0.8052657471025668,1.2418260724464043
26,SSS,long,0.6046775594186329,1.6537739567538272
26,SSS,long,0.5767392308589478,1.7338858646925794
26,SSS,long,0.8669470114273281,1.15347303447487
26,SSS,short,0.6542166393846855,1.5285456526152197
26,SSS,intermediate,0.5668837588182214,1.7640300757331504
26,SSS,short,1.0053001445576228,0.9947277988705003
26,SSS,long,0.5734044664977773,1.7439696731135879
26,SSS,long,0.5250621129962383,1.9045365781460684
26,SSS,short,0.812171483414204,1.231267066649771
26,SSS,long,0.6421652138697027,1.5572316569033324
26,SSS,intermediate,0.47421590041176387,2.108744137705411
26,SSS,long,0.6270982194746466,1.5946465305510722
26,SSS,intermediate,0.5803511102676566,1.723094833985589
26,SSS,short,0.6583698461781751,1.5189030995343753
26,SSS,long,0.6085332707434645,1.643295523970724
27,SSS,intermediate,0.5720117445573578,1.7482158531095093
27,SSS,long,0.708216308799706,1.4119979836313183
27,SSS,intermediate,0.48798500881798645,2.049243279874997
27,SSS,short,0.41014794340333083,2.4381446160675275
27,SSS,intermediate,0.4881926263276455,2.0483717821023792
27,SSS,long,0.6379643203781598,1.5674857794668515
27,SSS,intermediate,0.44513677223244486,2.2465005418105797
27,SSS,intermediate,1.0053511285140075,0.9946773536506425
27,SSS,long,0.46495266124748014,2.1507565895353173
27,SSS,intermediate,0.5695052323176242,1.755910118561089
27,SSS,long,0.549777170201196,1.8189187441778292
27,SSS,long,0.6182705679352694,1.6174148534023316
27,SSS,long,0.6650833312510258,1.5035709857875912
27,SSS,long,0.5856450011290235,1.7075190568897043
27,SSS,intermediate,0.5488122472970645,1.8221167711272193
27,SSS,intermediate,0.5832219171115867,1.7146132040999276
27,SSS,long,0.645814490914745,1.5484322728398048
27,SSS,intermediate,0.5741448091998791,1.7417208759469363
27,SSS,intermediate,0.5119082349124255,1.9534751187799793
27,SSS,intermediate,0.5793974466234886,1.7259309750631897
27,SSS,long,0.5483284246517997,1.8237245326740474
27,SSS,intermediate,0.5015804684965133,1.9936980460931792
27,SSS,intermediate,0.47669158638473164,2.0977924271415875
27,SSS,intermediate,0.5817196543368937,1.7190411094840985
27,SSS,long,0.41876190244761347,2.387991825796757
27,SSS,long,0.6013471333940288,1.6629330123450619
27,SSS,long,0.6759925194612606,1.479306310662965
27,SSS,short,0.46556015013197793,2.147950162221827
27,SSS,long,0.49151351184968917,2.0345320645138485
27,SSS,intermediate,0.45053647205918423,2.219576132048719
27,SSS,short,0.8618359963861622,1.1603135680027117
27,SSS,short,0.572443139777306,1.7468983913214924
27,SSS,intermediate,0.7473680763705488,1.3380287861053821
27,SSS,long,0.5719094337491697,1.7485285973418372
27,SSS,long,0.6265616641562701,1.5960121041663202
27,SSS,intermediate,0.6469256282084643,1.545772738621141
27,SSS,long,0.7826111486756417,1.277773772699546
28,SSS,short,0.4671169689654562,2.1407914215035744
28,SSS,intermediate,0.3813648210120846,2.622161103759259
28,SSS,long,0.5810582617166347,1.72099781706171
28,SSS,short,0.6856843042426135,1.4583970987998192
28,SSS,intermediate,0.510936561723156,1.9571901384928414
28,SSS,short,0.38930738703720635,2.568664333883881
28,SSS,short,0.8308837070767368,1.203537861535711
28,SSS,intermediate,0.40656109784504224,2.4596549086974933
28,SSS,short,0.6407802880344207,1.5605973196639333
28,SSS,intermediate,0.5471503814069365,1.82765110649948
28,SSS,long,0.5642731579062001,1.7721913332021924
28,SSS,intermediate,0.46614559182080484,2.1452525081142864
28,SSS,short,0.4042727532269055,2.473577534023748
28,SSS,short,0.4933048569114362,2.0271440388018145
28,SSS,short,0.9973276045848252,1.0026795562490094
28,SSS,short,0.49196076418934354,2.0326824267130474
28,SSS,long,0.5172061597149877,1.9334649853185455
28,SSS,intermediate,0.45011530303554537,2.2216529703746386
28,SSS,long,0.5172206753888986,1.9334107230885527
28,SSS,long,0.4747196629573409,2.1065063826729706
28,SSS,long,0.5726489947930986,1.7462704188650602
28,SSS,intermediate,0.6647216189076062,1.5043891631558266
28,SSS,long,0.45106278063622085,2.216986288670298
28,SSS,short,0.4853483617046095,2.060375760799653
28,SSS,long,0.558750017429702,1.7897091164311472
28,SSS,intermediate,0.43722157272122786,2.2871698525214335
28,SSS,intermediate,0.6073511317056273,1.646494009473062
28,SSS,intermediate,0.6042721960593553,1.6548833564100869
28,SSS,short,0.48108485912234755,2.078635361387842
28,SSS,long,0.6189872768475198,1.6155420917421188
28,SSS,intermediate,0.5270263794327548,1.89743822894845
28,SSS,short,0.430417387397938,2.323326216083971
28,SSS,intermediate,0.5552574583989554,1.800966353308297
28,SSS,short,0.9032411140433396,1.1071240939459912
28,SSS,short,0.45442749186395304,2.200571087585918
28,SSS,short,0.4985052876631926,2.005996776258138
28,SSS,long,0.8967628789941955,1.1151219831061636
28,SSS,long,0.5068402167435124,1.9730083899519208
28,SSS,intermediate,0.5125331466133503,1.9510933226615093
28,SSS,intermediate,0.6536301855035163,1.5299171032464816
28,SSS,short,0.4479262295863009,2.23251047594062
28,SSS,long,0.47303365290190413,2.114014497415422
28,SSS,long,0.5865998841081819,1.7047395117036506
28,SSS,long,0.5508260799429081,1.8154550708703694
28,SSS,short,0.5019886094482899,1.9920770734201498
28,SSS,long,0.49676721903324506,2.0130152749331818
28,SSS,intermediate,0.5037083502065798,1.985275804123323
28,SSS,intermediate,0.4906574400738464,2.038081802753251
28,SSS,short,0.41147194823952304,2.4302993297076165
28,SSS,short,0.40879769197727,2.4461977638944257
28,SSS,short,0.4724250209733327,2.1167380126050683
28,SSS,intermediate,0.5374064130528495,1.8607891080407672
28,SSS,long,0.4957021498139511,2.0173404540918853
28,SSS,long,0.609428053429383,1.6408827824265464
28,SSS,long,0.5370622889540755,1.861981413641036
28,SSS,intermediate,0.5887065628721757,1.6986391235749267
28,SSS,long,0.5466087635950316,1.829462069768194
28,SSS,intermediate,0.5789301834220169,1.7273239997421936
29,SSS,short,0.4564219850626614,2.1909549336513923
29,SSS,intermediate,0.5635312341278222,1.7745245328729664
29,SSS,short,0.7154610709330882,1.3977000854788961
29,SSS,long,0.9525775309152777,1.0497833168909168
29,SSS,intermediate,0.5080489574711464,1.9683142447089716
29,SSS,intermediate,0.49728052703812864,2.0109373796640253
29,SSS,short,0.44172141994931735,2.2638702920830487
29,SSS,intermediate,0.4885463436239661,2.046888720079542
29,SSS,long,0.4667370572879008,2.142533969363317
29,SSS,intermediate,0.5146162000828554,1.943195724967453
29,SSS,short,0.5839691558708182,1.7124192090398922
29,SSS,short,0.743125158892326,1.3456683413740989
29,SSS,short,0.5108309816132532,1.9575946565376754
29,SSS,short,0.4812401212684563,2.077964732791174
29,SSS,long,0.4118003646858597,2.428361132615427
29,SSS,long,0.560047032606235,1.785564321886324
29,SSS,long,0.5820486882716978,1.718069330195285
29,SSS,short,0.5072173120133812,1.971541539129521
29,SSS,long,0.6009791793094337,1.6639511557606184
29,SSS,long,0.7366975013437695,1.3574092462319403
29,SSS,short,0.45908084591337683,2.1782655689117734
29,SSS,long,0.5948427149692179,1.6811166630018295
29,SSS,intermediate,0.5824941288401533,1.7167555010231146
29,SSS,intermediate,0.6500993388817733,1.5382264527757956
29,SSS,intermediate,0.608086580924919,1.6445026602609258
29,SSS,short,0.5503681574264192,1.8169655829583378
29,SSS,long,0.68924503137805,1.450862834659306
29,SSS,short,0.4678487526102799,2.1374429116689435
29,SSS,long,0.8033209240111319,1.2448325072958546
29,SSS,intermediate,0.8641861695887201,1.1571580698588544
29,SSS,intermediate,0.4616965996133331,2.1659245505327336
29,SSS,intermediate,0.6147652569898128,1.6266371409739098
29,SSS,short,0.5384469772407101,1.8571930798544622
29,SSS,short,0.6915613243209009,1.446003362004056
29,SSS,short,0.4985538908294984,2.0058012150626103
29,SSS,long,0.46748492437200184,2.139106413631102
29,SSS,short,0.48626512686951173,2.05649129403505
29,SSS,long,0.513146834687177,1.9487599501799848
29,SSS,intermediate,0.606762225640523,1.6480920494751616
29,SSS,short,0.48878161682205246,2.0459034578709687
29,SSS,long,0.6030557437034076,1.6582215001534184
29,SSS,long,0.6062921524153353,1.6493698557967784
29,SSS,short,0.526793913797519,1.8982755377549116
29,SSS,long,0.6708914450473458,1.4905541088386194
29,SSS,long,0.47136310180212604,2.1215067453875314
29,SSS,long,0.5197548384840047,1.9239840131488735
29,SSS,intermediate,0.4777706720033166,2.0930543848724525
29,SSS,intermediate,0.56046323854207,1.7842383429130777
29,SSS,short,0.4934779503983009,2.0264329929895952
29,SSS,short,0.761005772838871,1.3140504785786054
29,SSS,short,0.676767507000477,1.4776123109576167
29,SSS,intermediate,0.6409149663031712,1.5602693845145303
29,SSS,intermediate,0.6394290891739729,1.5638950697282472
29,SSS,long,0.6162389077508124,1.6227472615285898
29,SSS,long,0.45870147564255603,2.1800671092221466
29,SSS,short,0.628817398690444,1.5902867860885683
29,SSS,long,0.5914285425633352,1.6908213385607975
29,SSS,intermediate,0.6195241419100057,1.614142100930852
29,SSS,long,0.5853032215691201,1.708516138556581
29,SSS,intermediate,0.515070821237714,1.9414805862949145
29,SSS,long,0.6056368943827692,1.6511543620854592
30,SSS,intermediate,0.5152941447113335,1.9406391674801535
30,SSS,short,0.5247267486302007,1.9057538092168926
30,SSS,long,0.6058434474125534,1.6505914263343398
30,SSS,short,0.49352695812626735,2.0262317661361733
30,SSS,short,0.7728622067579636,1.2938917070286617
30,SSS,intermediate,0.5747589032353062,1.7398599558371697
30,SSS,intermediate,0.5161193435992573,1.937536370999599
30,SSS,short,0.44605602849924253,2.2418708326048287
30,SSS,intermediate,0.4226528132730891,2.3660081480490915
30,SSS,long,0.5255974009037345,1.9025969273831216
30,SSS,intermediate,0.5367161788121848,1.863182142586266
30,SSS,short,0.5180921671665146,1.9301584995370145
30,SSS,short,0.8565901292417948,1.1674194762028645
30,SSS,short,0.5931689907197324,1.6858602112471048
30,SSS,short,0.9847485897153092,1.0154876183058053
30,SSS,long,0.5019068029805567,1.9924017647530052
30,SSS,intermediate,0.6298964994311973,1.5875624025582136
30,SSS,long,0.6424090834211711,1.5566405049481344
30,SSS,long,0.5006640194387728,1.9973474449411517
30,SSS,long,0.7145296774117469,1.3995219955346252
30,SSS,intermediate,0.7520153779230441,1.329760041293109
30,SSS,long,0.6397202957159607,1.5631831703585741
30,SSS,long,0.6475686292035334,1.5442378690115577
30,SSS,long,0.6460641221340211,1.5478339776814871
30,SSS,intermediate,0.5947100071218756,1.681491799405802
30,SSS,intermediate,0.5063034650011105,1.9751000518983348
30,SSS,intermediate,0.6203366260319854,1.6120279829300916
30,SSS,long,0.623504727021782,1.6038370787926124
30,SSS,short,0.48934290065199093,2.043556775152188
30,SSS,long,0.643889104311711,1.553062465731511
30,SSS,intermediate,0.6970054910784711,1.4347089266868012
30,SSS,intermediate,0.7781252689610483,1.2851401180367765
30,SSS,intermediate,0.6270206197250445,1.5948438831860283
30,SSS,short,0.6053547502033325,1.6519239333037532
30,SSS,short,0.6020141148410403,1.6610906212125052
30,SSS,long,0.5479820622863372,1.824877252054046
30,SSS,short,0.5756507112096187,1.7371645348942473
30,SSS,short,0.4681093200365467,2.1362531297644898
30,SSS,intermediate,0.5945789672923638,1.6818623849980288
30,SSS,long,0.47654326908241273,2.0984453351434524
30,SSS,long,0.6168632961084768,1.6211047185147287
30,SSS,intermediate,0.5468461675127401,1.8286678400771688
30,SSS,long,0.651337636498738,1.5353020368598607
30,SSS,long,0.5152415486286372,1.9408372687753772
30,SSS,short,0.7242585033272917,1.3807224843145556
30,SSS,long,0.6120006635715072,1.633985156428116
30,SSS,long,0.5217158702507732,1.9167521193467434
30,SSS,long,0.6559172850534196,1.524582478290014
30,SSS,intermediate,0.7387861385459473,1.3535716871572123
30,SSS,intermediate,0.5474096428729354,1.8267855033604512
30,SSS,short,0.6802285416283667,1.470094150425014
30,SSS,short,0.5295469021280041,1.8884068549574407
30,SSS,short,0.5758766585245212,1.7364829520302902
30,SSS,intermediate,0.5509259754476261,1.8151258872618998
30,SSS,short,0.6217153717293513,1.608453072695339
30,SSS,intermediate,0.6030615954482528,1.6582054097752732
30,SSS,long,0.49574879081819745,2.0171506588035695
30,SSS,long,0.6052905708370417,1.6520990879093393
30,SSS,intermediate,0.49052678328553156,2.0386246665310184
30,SSS,long,0.5108184943187553,1.957642511228247
30,SSS,intermediate,0.5222305198772119,1.9148631915176508
30,SSS,short,0.6148253715628016,1.626478096468494
30,SSS,long,0.5635315189424546,1.7745236360099952
31,SSS,short,0.48488746977534447,2.0623341751093607
31,SSS,intermediate,0.5863128754140234,1.7055740065299647
31,SSS,short,0.49424829229258194,2.023274567852278
31,SSS,long,0.5442173989243884,1.837500972913467
31,SSS,intermediate,0.552087070258267,1.811308494386943
31,SSS,intermediate,0.5569144706083762,1.7956078586135407
31,SSS,intermediate,0.5413823055829425,1.8471235385560545
31,SSS,long,0.71461947017292,1.399346143980691
31,SSS,intermediate,0.48288827150736324,2.070872412946463
31,SSS,intermediate,0.5829736937963617,1.7153432661565509
31,SSS,long,0.5739443848312931,1.7423290939486114
31,SSS,long,0.5183413072827534,1.929230771211725
31,SSS,long,0.493485268618997,2.0264029416692995
31,SSS,long,0.5503726129538791,1.816950873759773
31,SSS,intermediate,0.5733002720339755,1.7442866308996572
31,SSS,long,0.6403849204491507,1.5615608176698224
31,SSS,long,0.6467058179434844,1.546298134722193
31,SSS,intermediate,0.6254992141814455,1.5987230316646233
31,SSS,intermediate,0.647372363988552,1.544706038791739
31,SSS,intermediate,0.7134642312175856,1.4016119606913124
31,SSS,long,0.538292528897955,1.857725950696915
31,SSS,long,0.6055045922962563,1.6515151374949906
31,SSS,intermediate,0.6071359146233135,1.6470776574310084
31,SSS,intermediate,0.5651789964294949,1.7693509601692148
31,SSS,long,0.6023413519931182,1.660188191780373
31,SSS,short,0.4590675288370676,2.1783287581529653
31,SSS,intermediate,0.5532228026881967,1.8075899893150509
31,SSS,long,0.5921691203661794,1.688706765698337
31,SSS,long,0.48311978276251466,2.0698800497920535
31,SSS,intermediate,0.5923067989265292,1.688314234805942
31,SSS,long,0.6131028595898442,1.6310476853247489
31,SSS,long,0.5985372303166514,1.6707398459924672
31,SSS,long,0.6709137792736328,1.4905044893885673
31,SSS,long,0.6117558383587038,1.6346390786934324
31,SSS,long,0.6467106507589051,1.5462865793636076
31,SSS,intermediate,0.628069501496384,1.5921804794174637
31,SSS,intermediate,0.5868609447225026,1.703981171336679
31,SSS,long,0.5793145760794687,1.7261778682793283
31,SSS,long,0.7259922413909408,1.377425188572378
31,SSS,long,0.5934464958927492,1.6850718757647283
31,SSS,intermediate,0.5180589065525965,1.9302824203032478
31,SSS,long,0.6641255957592875,1.5057392854384883
31,SSS,long,0.567565858953003,1.7619100659872573
32,SSS,intermediate,0.5661891742312264,1.7661941370705356
32,SSS,long,0.5229969085855828,1.9120571911303388
32,SSS,intermediate,0.546481602451081,1.8298877684350157
32,SSS,short,0.502817801359015,1.9887919586323355
32,SSS,intermediate,0.5590984013117577,1.7885939177321883
32,SSS,short,0.5826018627576559,1.716438041009094
32,SSS,intermediate,0.5670771153572787,1.763428593604883
32,SSS,long,0.5764493222134206,1.7347578728347728
32,SSS,intermediate,0.43825952567794957,2.2817530285350593
32,SSS,short,0.45760567492220616,2.1852875844907342
32,SSS,intermediate,0.44467495896242326,2.248833625201962
32,SSS,short,0.6117226954750095,1.6347276427654673
32,SSS,short,0.45731888284080924,2.1866580137433242
32,SSS,long,0.505952573696959,1.976469835291225
32,SSS,intermediate,0.5324355350801397,1.8781616442063445
32,SSS,long,0.53610137128112,1.8653188623828787
32,SSS,long,0.48011049584420107,2.0828538610505745
32,SSS,long,0.46782403571501163,2.1375558407802258
32,SSS,intermediate,0.5131018486817993,1.9489308069520348
32,SSS,long,0.5245120974227575,1.9065337194577583
32,SSS,long,0.46318668400795104,2.158956711248707
32,SSS,long,0.5542651629896227,1.8041906054606622
32,SSS,intermediate,0.5039721541472773,1.9842366126200042
32,SSS,intermediate,0.5373681829275938,1.8609214906472091
32,SSS,long,0.5483568942281636,1.8236298485998683
32,SSS,long,0.5297703921064567,1.8876102079314603
32,SSS,intermediate,0.5673564297305802,1.76256044277998
32,SSS,intermediate,0.5937710653931845,1.6841507750766165
32,SSS,short,0.48942214793078165,2.0432258822529397
32,SSS,intermediate,0.4649503966577413,2.150767065021172
32,SSS,short,0.521224545254654,1.9185589188080758
32,SSS,short,0.48860556561248814,2.0466406246241933
32,SSS,long,0.497881148756278,2.008511474069725
32,SSS,short,0.40829205318959794,2.4492271945729778
32,SSS,long,0.5268811651781107,1.8979611838315626
32,SSS,long,0.47906137148038397,2.087415223877943
32,SSS,intermediate,0.5348254231196279,1.869769006430204
32,SSS,short,0.46358720857369917,2.157091441493093
32,SSS,intermediate,0.4475271452799916,2.2345013270074565
32,SSS,intermediate,0.5303094741957466,1.8856913720362505
32,SSS,short,0.40457548587346537,2.4717266243678417
32,SSS,long,0.4675782517456355,2.1386794536885434
32,SSS,long,0.486459463521669,2.055669742265083
32,SSS,short,0.4694605813651833,2.1301042935106866
32,SSS,long,0.5142285906185862,1.9446604452643521
32,SSS,short,0.4353027061370085,2.2972519717928357
32,SSS,long,0.6349762675436068,1.5748620084156535
32,SSS,intermediate,0.4436836035556553,2.253858362098704
32,SSS,intermediate,0.4650660352244813,2.150232277266417
32,SSS,short,0.4482514565688689,2.2308906872372005
32,SSS,short,0.46021139013100765,2.1729144941747998
32,SSS,intermediate,0.6369805864328555,1.569906558063384
32,SSS,intermediate,0.5429139568313985,1.8419124935308104
32,SSS,long,0.4740111330147556,2.1096550910943916
32,SSS,long,0.5036800377156396,1.9853873989831725
32,SSS,long,0.48040501290688553,2.0815769468122203
32,SSS,intermediate,0.5230263335820382,1.9119496204929558
32,SSS,long,0.534449924899036,1.871082684105367
32,SSS,intermediate,0.4508828765465296,2.217870875157982
32,SSS,long,0.4602190144605629,2.1728784960615575
33,SSS,short,0.8512940390380663,1.174682253302239
33,SSS,intermediate,0.46132595308654345,2.167664735333897
33,SSS,short,0.5253739845646805,1.903406010536646
33,SSS,long,0.41925251646580364,2.385197370858393
33,SSS,intermediate,0.575361272316286,1.7380384257949897
33,SSS,short,0.57852804440494765,1.7285246751150374
33,SSS,short,0.5988560585351479,1.669850351762465
33,SSS,intermediate,0.5022327073520501,1.9911088731603257
33,SSS,short,0.673943072189104,1.4838048512789024
33,SSS,intermediate,0.556947573233856,1.7955011352210548
33,SSS,intermediate,0.5607445326750167,1.7833432904455206
33,SSS,intermediate,0.6919979838235122,1.4450909155467149
33,SSS,long,0.5036128733704572,1.9856521802301126
33,SSS,long,0.5738849213503272,1.7425096265764255
33,SSS,long,0.6104454649362197,1.638147971341685
33,SSS,long,0.7775099208736265,1.286157222117988
33,SSS,intermediate,0.5965663875961127,1.6762593749700492
33,SSS,long,0.6949008338006024,1.4390542525769137
33,SSS,long,0.5700738860628007,1.754158582682101
33,SSS,long,0.662240619150225,1.5100251646949436
33,SSS,intermediate,0.6498881846007407,1.538726235828323
33,SSS,intermediate,0.5829612027582698,1.7153800206060354
33,SSS,long,0.5548951389482681,1.8021422964623017
33,SSS,short,0.4909877193063039,2.036710819188835
33,SSS,long,0.6132418663287353,1.6306779672214007
33,SSS,intermediate,0.6195639738816681,1.614038327204274
33,SSS,intermediate,0.5758980605664874,1.7364184192881997
33,SSS,intermediate,0.6197402152024551,1.613579328030734
33,SSS,short,0.6370117180365469,1.5698298346571822
33,SSS,long,0.5055301745771885,1.978121287886272
33,SSS,short,0.49415527820337957,2.0236554057172893
33,SSS,intermediate,0.5765580661588956,1.734430682172447
33,SSS,long,0.49755840720490596,2.0098142962102075
33,SSS,long,0.5755133744683008,1.7375790804581552
33,SSS,intermediate,0.4805241410240342,2.081060897104821
33,SSS,intermediate,0.532052880529136,1.879512425542142
33,SSS,short,0.5010676915446766,1.9957383341105666
33,SSS,long,0.7210583545670488,1.3868503064504931
33,SSS,long,0.4882863835646276,2.0479784684957205
33,SSS,short,0.5814192182028819,1.7199293877676012
33,SSS,long,0.7343779170314519,1.3616967188259992
33,SSS,long,0.5895339433845947,1.6962551710913603
33,SSS,long,0.5832262049243582,1.7146005984585269
33,SSS,intermediate,0.572423139791681,1.74695942648986
33,SSS,intermediate,0.5615502819227913,1.780784432296825
33,SSS,short,0.6162749715726932,1.622652299910973
33,SSS,short,0.6835840539833953,1.4628778921520758
33,SSS,intermediate,0.5884017175276313,1.699519172380798
33,SSS,short,0.7449723370727952,1.3423317219123596
33,SSS,long,0.5861182047710827,1.706140488147037
33,SSS,long,0.4521138054824405,2.2118324808350462
33,SSS,long,0.6252063890656245,1.5994718184094492
33,SSS,long,0.5754412357578076,1.7377969075905453
34,SSS,intermediate,0.5563879364574404,1.7973071205804128
34,SSS,long,0.5611493566668742,1.782056752127133
34,SSS,intermediate,0.5270563915280491,1.8973301833998946
34,SSS,intermediate,0.5271528691562253,1.8969829408319947
34,SSS,intermediate,0.48422355030857034,2.0651618438689163
34,SSS,short,0.8368425366954853,1.1949679373957127
34,SSS,long,0.5274487534322816,1.8959187854605264
34,SSS,long,0.5495635371769367,1.8196258164013552
34,SSS,long,0.568494265947038,1.759032693731975
34,SSS,intermediate,0.5513546780675824,1.8137145466958835
34,SSS,long,0.5248831523106219,1.9051859363323735
34,SSS,long,0.577980157486536,1.730163202052996
34,SSS,long,0.5164633532244807,1.9362458028369542
34,SSS,intermediate,0.5773919078753806,1.731925900519949
34,SSS,long,0.6147847135885058,1.626585661447221
34,SSS,short,0.4470429616194451,2.2369214725525
34,SSS,intermediate,0.5110815268649276,1.956634993509142
34,SSS,long,0.573473227795148,1.743760565501434
34,SSS,long,0.542366377208964,1.8437721105538185
34,SSS,intermediate,0.5257217870089335,1.9021467717544056
34,SSS,intermediate,0.5612800977646657,1.7816416509022228
34,SSS,long,0.4919302778025667,2.0328083981066603
34,SSS,long,0.6668110810123835,1.4996751380942164
34,SSS,long,0.6232278256584323,1.604549666798835
34,SSS,long,0.47829394215750654,2.090764510813501
34,SSS,short,0.4563782718159928,2.191164789727742
34,SSS,long,0.6015183066001555,1.6624597938707881
34,SSS,intermediate,0.5595775168853834,1.7870625066675563
34,SSS,intermediate,0.5932455699166894,1.6856425917186906
34,SSS,long,0.6377572391647846,1.567994745633328
34,SSS,long,0.5816142974417744,1.7193525062889472
34,SSS,long,0.56605031532672,1.7666274055916875
34,SSS,intermediate,0.4616018462561442,2.1663691514896954
34,SSS,long,0.6067052254065857,1.6482468884784145
34,SSS,long,0.6505315809245076,1.5372043868782557
35,SSS,intermediate,0.5067245352377086,1.9734588133390698
35,SSS,long,0.9638809069078889,1.0374725682740003
35,SSS,intermediate,0.5271911684935731,1.8968451289832085
35,SSS,intermediate,0.6177958950006541,1.6186575665073677
35,SSS,short,0.562179425391605,1.778791529596474
35,SSS,intermediate,0.5310255281449372,1.8831486378693676
35,SSS,long,0.516976179843823,1.9343250985027918
35,SSS,short,0.45977778578503603,2.174963712726084
35,SSS,long,0.5479756822023774,1.8248984991101884
35,SSS,long,0.5855849865984055,1.7076940544683064
35,SSS,long,0.510880734184866,1.957404014452701
35,SSS,long,0.4984294389541901,2.0063020396592353
35,SSS,long,0.5296550352509257,1.888021322267326
35,SSS,long,0.5828445873066812,1.7157232335655541
35,SSS,intermediate,0.7342458565408378,1.361941631800521
35,SSS,intermediate,0.4987219534855285,2.0051252867676643
35,SSS,intermediate,0.6895912773470627,1.450134351825208
35,SSS,long,0.6459448835748844,1.5481197009652758
35,SSS,long,0.6195160857168958,1.6141630912501865
35,SSS,intermediate,0.5790942431071926,1.7268346420340706
35,SSS,intermediate,0.5900153720990602,1.6948710953790298
35,SSS,intermediate,0.5948882683037482,1.6809879321563674
35,SSS,long,0.6037889367676144,1.656207888394747
35,SSS,short,0.7816544868253459,1.2793376317219831
35,SSS,intermediate,0.5478669031072059,1.8252608331120914
35,SSS,long,0.563576472980003,1.7743820899980725
35,SSS,intermediate,0.5323746297426624,1.878376511824722
35,SSS,long,0.5431720082260654,1.8410374335486839
35,SSS,long,0.679998575994432,1.4705913148973833
35,SSS,long,0.6287108815749889,1.5905562147976373
35,SSS,long,0.6397437379209805,1.563125890453839
35,SSS,long,0.6179756715928306,1.6181866794569804
35,SSS,intermediate,0.5359044517090297,1.866004278954846
35,SSS,short,0.7016972892524791,1.4251159514458207
35,SSS,long,0.5406239793928762,1.8497144746021175
35,SSS,long,0.6347945973266178,1.5753127140832845
35,SSS,long,0.5181949328616611,1.9297757206494397
35,SSS,intermediate,0.5434772790304123,1.8400033241206413
35,SSS,long,0.6106040121603655,1.637722615778302
35,SSS,intermediate,0.5414884734655061,1.8467613790558406
35,SSS,long,0.4842673527136867,2.064975048175981
