subjectIx,t_d,resp
0,2.2202575118935752e-17,1
0,0.3535073519980406,0
0,2.2202575118935752e-17,0
0,0.7070147039960815,1
0,2.2202575118935752e-17,0
0,-0.7070147039960815,0
0,0.3535073519980406,0
0,2.2202575118935752e-17,0
0,-0.35350735199804073,0
0,0.3535073519980406,1
0,2.2202575118935752e-17,1
0,0.3535073519980406,1
0,0.7070147039960815,1
0,-0.7070147039960815,0
0,-0.7070147039960815,0
0,0.3535073519980406,0
0,-0.35350735199804073,0
0,2.2202575118935752e-17,0
0,-0.35350735199804073,0
0,-0.35350735199804073,0
0,0.3535073519980406,0
0,2.2202575118935752e-17,0
0,2.2202575118935752e-17,1
0,0.7070147039960815,1
0,0.3535073519980406,1
0,0.7070147039960815,1
0,0.7070147039960815,1
0,-0.35350735199804073,0
0,-0.7070147039960815,0
0,-0.7070147039960815,0
0,0.7070147039960815,1
0,0.3535073519980406,1
0,0.7070147039960815,0
0,0.7070147039960815,1
0,2.2202575118935752e-17,0
0,-0.35350735199804073,0
0,0.7070147039960815,1
0,-0.7070147039960815,0
0,-0.35350735199804073,0
0,-0.35350735199804073,0
0,0.3535073519980406,1
0,0.3535073519980406,0
0,-0.7070147039960815,0
0,-0.7070147039960815,0
0,0.3535073519980406,1
0,-0.7070147039960815,0
0,0.7070147039960815,1
0,2.2202575118935752e-17,0
0,-0.35350735199804073,0
0,0.7070147039960815,1
0,0.3535073519980406,0
0,0.3535073519980406,1
0,-0.7070147039960815,0
0,-0.7070147039960815,0
0,2.2202575118935752e-17,0
0,0.3535073519980406,1
0,-0.35350735199804073,0
0,-0.35350735199804073,0
0,2.2202575118935752e-17,0
0,-0.7070147039960815,0
0,-0.7070147039960815,0
0,2.2202575118935752e-17,0
0,-0.7070147039960815,0
0,0.7070147039960815,1
0,-0.35350735199804073,0
0,-0.35350735199804073,0
0,2.2202575118935752e-17,0
0,-0.7070147039960815,0
0,-0.35350735199804073,0
0,-0.7070147039960815,0
0,-0.35350735199804073,0
0,2.2202575118935752e-17,0
0,0.3535073519980406,0
0,0.7070147039960815,1
0,-0.35350735199804073,1
0,0.7070147039960815,1
0,0.3535073519980406,0
0,2.2202575118935752e-17,0
0,0.3535073519980406,0
0,-0.35350735199804073,0
0,-0.35350735199804073,0
0,0.3535073519980406,1
0,2.2202575118935752e-17,0
0,0.7070147039960815,1
0,-0.7070147039960815,0
0,-0.35350735199804073,0
0,0.7070147039960815,0
0,2.2202575118935752e-17,0
0,0.7070147039960815,1
0,-0.35350735199804073,0
0,-0.7070147039960815,0
0,0.7070147039960815,1
0,2.2202575118935752e-17,0
0,0.7070147039960815,1
0,0.3535073519980406,1
0,0.3535073519980406,1
0,-0.7070147039960815,0
0,2.2202575118935752e-17,0
0,2.2202575118935752e-17,0
0,-0.35350735199804073,0
0,2.2202575118935752e-17,0
0,-0.7070147039960815,0
0,2.2202575118935752e-17,0
0,0.3535073519980406,0
0,-0.35350735199804073,0
0,0.3535073519980406,0
0,-0.35350735199804073,0
0,-0.35350735199804073,0
0,-0.7070147039960815,1
0,0.7070147039960815,0
0,0.7070147039960815,1
0,-0.7070147039960815,0
0,0.7070147039960815,1
0,-0.7070147039960815,0
0,0.3535073519980406,1
0,0.7070147039960815,1
0,0.3535073519980406,0
0,2.2202575118935752e-17,1
0,0.7070147039960815,1
0,-0.7070147039960815,1
1,2.2202575118935752e-17,1
1,0.3535073519980406,1
1,2.2202575118935752e-17,0
1,0.7070147039960815,0
1,2.2202575118935752e-17,0
1,-0.7070147039960815,0
1,0.3535073519980406,0
1,2.2202575118935752e-17,0
1,-0.35350735199804073,0
1,0.3535073519980406,0
1,2.2202575118935752e-17,0
1,0.3535073519980406,1
1,0.7070147039960815,0
1,-0.7070147039960815,0
1,-0.7070147039960815,0
1,0.3535073519980406,1
1,-0.35350735199804073,0
1,2.2202575118935752e-17,0
1,-0.35350735199804073,0
1,-0.35350735199804073,0
1,0.3535073519980406,1
1,2.2202575118935752e-17,0
1,2.2202575118935752e-17,0
1,0.7070147039960815,1
1,0.3535073519980406,0
1,0.7070147039960815,1
1,0.7070147039960815,1
1,-0.35350735199804073,0
1,-0.7070147039960815,0
1,-0.7070147039960815,0
1,0.7070147039960815,1
1,0.3535073519980406,0
1,0.7070147039960815,0
1,0.7070147039960815,1
1,2.2202575118935752e-17,0
1,-0.35350735199804073,0
1,0.7070147039960815,1
1,-0.7070147039960815,0
1,-0.35350735199804073,0
1,-0.35350735199804073,0
1,0.3535073519980406,1
1,0.3535073519980406,0
1,-0.7070147039960815,0
1,-0.7070147039960815,0
1,0.3535073519980406,0
1,-0.7070147039960815,0
1,0.7070147039960815,1
1,2.2202575118935752e-17,0
1,-0.35350735199804073,0
1,0.7070147039960815,0
1,0.3535073519980406,0
1,0.3535073519980406,0
1,-0.7070147039960815,0
1,-0.7070147039960815,0
1,2.2202575118935752e-17,0
1,0.3535073519980406,1
1,-0.35350735199804073,0
1,-0.35350735199804073,0
1,2.2202575118935752e-17,0
1,-0.7070147039960815,0
1,-0.7070147039960815,0
1,2.2202575118935752e-17,0
1,-0.7070147039960815,0
1,0.7070147039960815,1
1,-0.35350735199804073,0
1,-0.35350735199804073,0
1,2.2202575118935752e-17,0
1,-0.7070147039960815,0
1,-0.35350735199804073,0
1,-0.7070147039960815,0
1,-0.35350735199804073,0
1,2.2202575118935752e-17,1
1,0.3535073519980406,0
1,0.7070147039960815,1
1,-0.35350735199804073,0
1,0.7070147039960815,1
1,0.3535073519980406,1
1,2.2202575118935752e-17,0
1,0.3535073519980406,1
1,-0.35350735199804073,0
1,-0.35350735199804073,0
1,0.3535073519980406,0
1,2.2202575118935752e-17,0
1,0.7070147039960815,1
1,-0.7070147039960815,0
1,-0.35350735199804073,0
1,0.7070147039960815,1
1,2.2202575118935752e-17,0
1,0.7070147039960815,1
1,-0.35350735199804073,0
1,-0.7070147039960815,0
1,0.7070147039960815,1
1,2.2202575118935752e-17,0
1,0.7070147039960815,1
1,0.3535073519980406,1
1,0.3535073519980406,1
1,-0.7070147039960815,0
1,2.2202575118935752e-17,0
1,2.2202575118935752e-17,0
1,-0.35350735199804073,0
1,2.2202575118935752e-17,0
1,-0.7070147039960815,0
1,2.2202575118935752e-17,0
1,0.3535073519980406,1
1,-0.35350735199804073,0
1,0.3535073519980406,0
1,-0.35350735199804073,0
1,-0.35350735199804073,0
1,-0.7070147039960815,0
1,0.7070147039960815,1
1,0.7070147039960815,1
1,-0.7070147039960815,0
1,0.7070147039960815,0
1,-0.7070147039960815,0
1,0.3535073519980406,0
1,0.7070147039960815,1
1,0.3535073519980406,0
1,2.2202575118935752e-17,0
1,0.7070147039960815,1
1,-0.7070147039960815,0
2,2.2202575118935752e-17,0
2,0.3535073519980406,1
2,2.2202575118935752e-17,1
2,0.7070147039960815,1
2,2.2202575118935752e-17,0
2,-0.7070147039960815,0
2,0.3535073519980406,1
2,2.2202575118935752e-17,0
2,-0.35350735199804073,0
2,0.3535073519980406,0
2,2.2202575118935752e-17,1
2,0.3535073519980406,1
2,0.7070147039960815,1
2,-0.7070147039960815,0
2,-0.7070147039960815,0
2,0.3535073519980406,0
2,-0.35350735199804073,0
2,2.2202575118935752e-17,0
2,-0.35350735199804073,0
2,-0.35350735199804073,0
2,0.3535073519980406,0
2,2.2202575118935752e-17,0
2,2.2202575118935752e-17,0
2,0.7070147039960815,0
2,0.3535073519980406,1
2,0.7070147039960815,0
2,0.7070147039960815,1
2,-0.35350735199804073,0
2,-0.7070147039960815,0
2,-0.7070147039960815,0
2,0.7070147039960815,1
2,0.3535073519980406,1
2,0.7070147039960815,1
2,0.7070147039960815,1
2,2.2202575118935752e-17,0
2,-0.35350735199804073,0
2,0.7070147039960815,1
2,-0.7070147039960815,0
2,-0.35350735199804073,0
2,-0.35350735199804073,0
2,0.3535073519980406,1
2,0.3535073519980406,0
2,-0.7070147039960815,0
2,-0.7070147039960815,0
2,0.3535073519980406,1
2,-0.7070147039960815,0
2,0.7070147039960815,0
2,2.2202575118935752e-17,0
2,-0.35350735199804073,0
2,0.7070147039960815,1
2,0.3535073519980406,0
2,0.3535073519980406,1
2,-0.7070147039960815,0
2,-0.7070147039960815,0
2,2.2202575118935752e-17,0
2,0.3535073519980406,1
2,-0.35350735199804073,0
2,-0.35350735199804073,0
2,2.2202575118935752e-17,1
2,-0.7070147039960815,0
2,-0.7070147039960815,0
2,2.2202575118935752e-17,0
2,-0.7070147039960815,0
2,0.7070147039960815,0
2,-0.35350735199804073,0
2,-0.35350735199804073,0
2,2.2202575118935752e-17,0
2,-0.7070147039960815,0
2,-0.35350735199804073,0
2,-0.7070147039960815,0
2,-0.35350735199804073,0
2,2.2202575118935752e-17,0
2,0.3535073519980406,1
2,0.7070147039960815,1
2,-0.35350735199804073,0
2,0.7070147039960815,1
2,0.3535073519980406,1
2,2.2202575118935752e-17,0
2,0.3535073519980406,0
2,-0.35350735199804073,0
2,-0.35350735199804073,0
2,0.3535073519980406,0
2,2.2202575118935752e-17,0
2,0.7070147039960815,1
2,-0.7070147039960815,0
2,-0.35350735199804073,0
2,0.7070147039960815,1
2,2.2202575118935752e-17,0
2,0.7070147039960815,1
2,-0.35350735199804073,0
2,-0.7070147039960815,0
2,0.7070147039960815,1
2,2.2202575118935752e-17,0
2,0.7070147039960815,1
2,0.3535073519980406,1
2,0.3535073519980406,1
2,-0.7070147039960815,0
2,2.2202575118935752e-17,0
2,2.2202575118935752e-17,0
2,-0.35350735199804073,0
2,2.2202575118935752e-17,0
2,-0.7070147039960815,0
2,2.2202575118935752e-17,0
2,0.3535073519980406,0
2,-0.35350735199804073,0
2,0.3535073519980406,0
2,-0.35350735199804073,0
2,-0.35350735199804073,0
2,-0.7070147039960815,0
2,0.7070147039960815,1
2,0.7070147039960815,0
2,-0.7070147039960815,0
2,0.7070147039960815,1
2,-0.7070147039960815,0
2,0.3535073519980406,0
2,0.7070147039960815,1
2,0.3535073519980406,0
2,2.2202575118935752e-17,0
2,0.7070147039960815,1
2,-0.7070147039960815,0
3,2.2202575118935752e-17,1
3,0.3535073519980406,1
3,2.2202575118935752e-17,0
3,0.7070147039960815,1
3,2.2202575118935752e-17,0
3,-0.7070147039960815,0
3,0.3535073519980406,1
3,2.2202575118935752e-17,0
3,-0.35350735199804073,1
3,0.3535073519980406,1
3,2.2202575118935752e-17,1
3,0.3535073519980406,1
3,0.7070147039960815,1
3,-0.7070147039960815,0
3,-0.7070147039960815,0
3,0.3535073519980406,0
3,-0.35350735199804073,0
3,2.2202575118935752e-17,0
3,-0.35350735199804073,0
3,-0.35350735199804073,0
3,0.3535073519980406,0
3,2.2202575118935752e-17,1
3,2.2202575118935752e-17,1
3,0.7070147039960815,1
3,0.3535073519980406,1
3,0.7070147039960815,1
3,0.7070147039960815,1
3,-0.35350735199804073,0
3,-0.7070147039960815,0
3,-0.7070147039960815,0
3,0.7070147039960815,1
3,0.3535073519980406,0
3,0.7070147039960815,1
3,0.7070147039960815,1
3,2.2202575118935752e-17,0
3,-0.35350735199804073,0
3,0.7070147039960815,1
3,-0.7070147039960815,0
3,-0.35350735199804073,0
3,-0.35350735199804073,0
3,0.3535073519980406,1
3,0.3535073519980406,1
3,-0.7070147039960815,0
3,-0.7070147039960815,1
3,0.3535073519980406,1
3,-0.7070147039960815,0
3,0.7070147039960815,0
3,2.2202575118935752e-17,0
3,-0.35350735199804073,0
3,0.7070147039960815,1
3,0.3535073519980406,1
3,0.3535073519980406,1
3,-0.7070147039960815,0
3,-0.7070147039960815,0
3,2.2202575118935752e-17,0
3,0.3535073519980406,1
3,-0.35350735199804073,0
3,-0.35350735199804073,0
3,2.2202575118935752e-17,0
3,-0.7070147039960815,0
3,-0.7070147039960815,0
3,2.2202575118935752e-17,0
3,-0.7070147039960815,0
3,0.7070147039960815,1
3,-0.35350735199804073,0
3,-0.35350735199804073,0
3,2.2202575118935752e-17,0
3,-0.7070147039960815,0
3,-0.35350735199804073,0
3,-0.7070147039960815,0
3,-0.35350735199804073,0
3,2.2202575118935752e-17,0
3,0.3535073519980406,1
3,0.7070147039960815,1
3,-0.35350735199804073,0
3,0.7070147039960815,1
3,0.3535073519980406,1
3,2.2202575118935752e-17,0
3,0.3535073519980406,0
3,-0.35350735199804073,0
3,-0.35350735199804073,0
3,0.3535073519980406,1
3,2.2202575118935752e-17,0
3,0.7070147039960815,1
3,-0.7070147039960815,0
3,-0.35350735199804073,0
3,0.7070147039960815,1
3,2.2202575118935752e-17,0
3,0.7070147039960815,0
3,-0.35350735199804073,0
3,-0.7070147039960815,0
3,0.7070147039960815,1
3,2.2202575118935752e-17,0
3,0.7070147039960815,1
3,0.3535073519980406,0
3,0.3535073519980406,1
3,-0.7070147039960815,0
3,2.2202575118935752e-17,0
3,2.2202575118935752e-17,0
3,-0.35350735199804073,0
3,2.2202575118935752e-17,1
3,-0.7070147039960815,0
3,2.2202575118935752e-17,0
3,0.3535073519980406,1
3,-0.35350735199804073,0
3,0.3535073519980406,1
3,-0.35350735199804073,0
3,-0.35350735199804073,0
3,-0.7070147039960815,0
3,0.7070147039960815,1
3,0.7070147039960815,1
3,-0.7070147039960815,0
3,0.7070147039960815,1
3,-0.7070147039960815,0
3,0.3535073519980406,1
3,0.7070147039960815,1
3,0.3535073519980406,1
3,2.2202575118935752e-17,0
3,0.7070147039960815,1
3,-0.7070147039960815,0
5,2.2202575118935752e-17,1
5,0.3535073519980406,1
5,2.2202575118935752e-17,0
5,0.7070147039960815,1
5,2.2202575118935752e-17,0
5,-0.7070147039960815,0
5,0.3535073519980406,0
5,2.2202575118935752e-17,0
5,-0.35350735199804073,0
5,0.3535073519980406,0
5,2.2202575118935752e-17,0
5,0.3535073519980406,0
5,0.7070147039960815,1
5,-0.7070147039960815,0
5,-0.7070147039960815,0
5,0.3535073519980406,1
5,-0.35350735199804073,1
5,2.2202575118935752e-17,0
5,-0.35350735199804073,0
5,-0.35350735199804073,0
5,0.3535073519980406,1
5,2.2202575118935752e-17,0
5,2.2202575118935752e-17,0
5,0.7070147039960815,1
5,0.3535073519980406,1
5,0.7070147039960815,1
5,0.7070147039960815,1
5,-0.35350735199804073,0
5,-0.7070147039960815,0
5,-0.7070147039960815,0
5,0.7070147039960815,1
5,0.3535073519980406,1
5,0.7070147039960815,1
5,0.7070147039960815,1
5,2.2202575118935752e-17,0
5,-0.35350735199804073,0
5,0.7070147039960815,1
5,-0.7070147039960815,0
5,-0.35350735199804073,0
5,-0.35350735199804073,0
5,0.3535073519980406,1
5,0.3535073519980406,1
5,-0.7070147039960815,0
5,-0.7070147039960815,0
5,0.3535073519980406,0
5,-0.7070147039960815,0
5,0.7070147039960815,1
5,2.2202575118935752e-17,0
5,-0.35350735199804073,0
5,0.7070147039960815,1
5,0.3535073519980406,1
5,0.3535073519980406,1
5,-0.7070147039960815,0
5,-0.7070147039960815,0
5,2.2202575118935752e-17,0
5,0.3535073519980406,1
5,-0.35350735199804073,0
5,-0.35350735199804073,0
5,2.2202575118935752e-17,0
5,-0.7070147039960815,0
5,-0.7070147039960815,0
5,2.2202575118935752e-17,0
5,-0.7070147039960815,0
5,0.7070147039960815,1
5,-0.35350735199804073,0
5,-0.35350735199804073,0
5,2.2202575118935752e-17,1
5,-0.7070147039960815,0
5,-0.35350735199804073,0
5,-0.7070147039960815,0
5,-0.35350735199804073,0
5,2.2202575118935752e-17,1
5,0.3535073519980406,1
5,0.7070147039960815,1
5,-0.35350735199804073,0
5,0.7070147039960815,1
5,0.3535073519980406,1
5,2.2202575118935752e-17,0
5,0.3535073519980406,0
5,-0.35350735199804073,0
5,-0.35350735199804073,0
5,0.3535073519980406,0
5,2.2202575118935752e-17,1
5,0.7070147039960815,1
5,-0.7070147039960815,0
5,-0.35350735199804073,0
5,0.7070147039960815,1
5,2.2202575118935752e-17,0
5,0.7070147039960815,0
5,-0.35350735199804073,0
5,-0.7070147039960815,0
5,0.7070147039960815,1
5,2.2202575118935752e-17,1
5,0.7070147039960815,1
5,0.3535073519980406,1
5,0.3535073519980406,0
5,-0.7070147039960815,0
5,2.2202575118935752e-17,0
5,2.2202575118935752e-17,0
5,-0.35350735199804073,0
5,2.2202575118935752e-17,0
5,-0.7070147039960815,0
5,2.2202575118935752e-17,0
5,0.3535073519980406,0
5,-0.35350735199804073,0
5,0.3535073519980406,1
5,-0.35350735199804073,0
5,-0.35350735199804073,0
5,-0.7070147039960815,0
5,0.7070147039960815,1
5,0.7070147039960815,1
5,-0.7070147039960815,0
5,0.7070147039960815,1
5,-0.7070147039960815,0
5,0.3535073519980406,1
5,0.7070147039960815,1
5,0.3535073519980406,1
5,2.2202575118935752e-17,0
5,0.7070147039960815,1
5,-0.7070147039960815,0
6,2.2202575118935752e-17,0
6,0.3535073519980406,1
6,2.2202575118935752e-17,1
6,0.7070147039960815,1
6,2.2202575118935752e-17,0
6,-0.7070147039960815,0
6,0.3535073519980406,1
6,2.2202575118935752e-17,0
6,-0.35350735199804073,0
6,0.3535073519980406,1
6,2.2202575118935752e-17,1
6,0.3535073519980406,1
6,0.7070147039960815,1
6,-0.7070147039960815,0
6,-0.7070147039960815,0
6,0.3535073519980406,1
6,-0.35350735199804073,0
6,2.2202575118935752e-17,0
6,-0.35350735199804073,0
6,-0.35350735199804073,0
6,0.3535073519980406,0
6,2.2202575118935752e-17,0
6,2.2202575118935752e-17,0
6,0.7070147039960815,1
6,0.3535073519980406,0
6,0.7070147039960815,1
6,0.7070147039960815,1
6,-0.35350735199804073,0
6,-0.7070147039960815,0
6,-0.7070147039960815,0
6,0.7070147039960815,1
6,0.3535073519980406,1
6,0.7070147039960815,1
6,0.7070147039960815,1
6,2.2202575118935752e-17,0
6,-0.35350735199804073,0
6,0.7070147039960815,1
6,-0.7070147039960815,0
6,-0.35350735199804073,0
6,-0.35350735199804073,0
6,0.3535073519980406,1
6,0.3535073519980406,0
6,-0.7070147039960815,0
6,-0.7070147039960815,0
6,0.3535073519980406,1
6,-0.7070147039960815,0
6,0.7070147039960815,1
6,2.2202575118935752e-17,0
6,-0.35350735199804073,0
6,0.7070147039960815,1
6,0.3535073519980406,0
6,0.3535073519980406,1
6,-0.7070147039960815,0
6,-0.7070147039960815,0
6,2.2202575118935752e-17,0
6,0.3535073519980406,0
6,-0.35350735199804073,0
6,-0.35350735199804073,0
6,2.2202575118935752e-17,1
6,-0.7070147039960815,0
6,-0.7070147039960815,0
6,2.2202575118935752e-17,1
6,-0.7070147039960815,0
6,0.7070147039960815,1
6,-0.35350735199804073,0
6,-0.35350735199804073,0
6,2.2202575118935752e-17,0
6,-0.7070147039960815,0
6,-0.35350735199804073,0
6,-0.7070147039960815,0
6,-0.35350735199804073,0
6,2.2202575118935752e-17,0
6,0.3535073519980406,1
6,0.7070147039960815,1
6,-0.35350735199804073,0
6,0.7070147039960815,1
6,0.3535073519980406,1
6,2.2202575118935752e-17,0
6,0.3535073519980406,0
6,-0.35350735199804073,0
6,-0.35350735199804073,0
6,0.3535073519980406,1
6,2.2202575118935752e-17,1
6,0.7070147039960815,1
6,-0.7070147039960815,0
6,-0.35350735199804073,0
6,0.7070147039960815,1
6,2.2202575118935752e-17,0
6,0.7070147039960815,1
6,-0.35350735199804073,0
6,-0.7070147039960815,0
6,0.7070147039960815,1
6,2.2202575118935752e-17,1
6,0.7070147039960815,1
6,0.3535073519980406,0
6,0.3535073519980406,1
6,-0.7070147039960815,0
6,2.2202575118935752e-17,0
6,2.2202575118935752e-17,1
6,-0.35350735199804073,0
6,2.2202575118935752e-17,0
6,-0.7070147039960815,0
6,2.2202575118935752e-17,1
6,0.3535073519980406,0
6,-0.35350735199804073,0
6,0.3535073519980406,1
6,-0.35350735199804073,0
6,-0.35350735199804073,0
6,-0.7070147039960815,0
6,0.7070147039960815,1
6,0.7070147039960815,1
6,-0.7070147039960815,0
6,0.7070147039960815,1
6,-0.7070147039960815,0
6,0.3535073519980406,1
6,0.7070147039960815,1
6,0.3535073519980406,1
6,2.2202575118935752e-17,0
6,0.7070147039960815,1
6,-0.7070147039960815,0
8,2.2202575118935752e-17,1
8,0.3535073519980406,1
8,2.2202575118935752e-17,1
8,0.7070147039960815,1
8,2.2202575118935752e-17,0
8,-0.7070147039960815,0
8,0.3535073519980406,1
8,2.2202575118935752e-17,0
8,-0.35350735199804073,0
8,0.3535073519980406,1
8,2.2202575118935752e-17,0
8,0.3535073519980406,1
8,0.7070147039960815,1
8,-0.7070147039960815,0
8,-0.7070147039960815,0
8,0.3535073519980406,1
8,-0.35350735199804073,0
8,2.2202575118935752e-17,1
8,-0.35350735199804073,0
8,-0.35350735199804073,0
8,0.3535073519980406,1
8,2.2202575118935752e-17,1
8,2.2202575118935752e-17,1
8,0.7070147039960815,1
8,0.3535073519980406,1
8,0.7070147039960815,1
8,0.7070147039960815,1
8,-0.35350735199804073,0
8,-0.7070147039960815,0
8,-0.7070147039960815,0
8,0.7070147039960815,1
8,0.3535073519980406,0
8,0.7070147039960815,1
8,0.7070147039960815,0
8,2.2202575118935752e-17,0
8,-0.35350735199804073,0
8,0.7070147039960815,1
8,-0.7070147039960815,0
8,-0.35350735199804073,0
8,-0.35350735199804073,0
8,0.3535073519980406,0
8,0.3535073519980406,0
8,-0.7070147039960815,0
8,-0.7070147039960815,0
8,0.3535073519980406,1
8,-0.7070147039960815,0
8,0.7070147039960815,1
8,2.2202575118935752e-17,0
8,-0.35350735199804073,0
8,0.7070147039960815,0
8,0.3535073519980406,1
8,0.3535073519980406,0
8,-0.7070147039960815,0
8,-0.7070147039960815,0
8,2.2202575118935752e-17,1
8,0.3535073519980406,1
8,-0.35350735199804073,0
8,-0.35350735199804073,1
8,2.2202575118935752e-17,0
8,-0.7070147039960815,0
8,-0.7070147039960815,0
8,2.2202575118935752e-17,1
8,-0.7070147039960815,0
8,0.7070147039960815,1
8,-0.35350735199804073,0
8,-0.35350735199804073,1
8,2.2202575118935752e-17,1
8,-0.7070147039960815,0
8,-0.35350735199804073,0
8,-0.7070147039960815,0
8,-0.35350735199804073,0
8,2.2202575118935752e-17,0
8,0.3535073519980406,1
8,0.7070147039960815,1
8,-0.35350735199804073,0
8,0.7070147039960815,1
8,0.3535073519980406,0
8,2.2202575118935752e-17,0
8,0.3535073519980406,1
8,-0.35350735199804073,0
8,-0.35350735199804073,0
8,0.3535073519980406,1
8,2.2202575118935752e-17,0
8,0.7070147039960815,1
8,-0.7070147039960815,0
8,-0.35350735199804073,0
8,0.7070147039960815,1
8,2.2202575118935752e-17,1
8,0.7070147039960815,0
8,-0.35350735199804073,0
8,-0.7070147039960815,0
8,0.7070147039960815,1
8,2.2202575118935752e-17,0
8,0.7070147039960815,1
8,0.3535073519980406,0
8,0.3535073519980406,0
8,-0.7070147039960815,0
8,2.2202575118935752e-17,0
8,2.2202575118935752e-17,0
8,-0.35350735199804073,0
8,2.2202575118935752e-17,0
8,-0.7070147039960815,0
8,2.2202575118935752e-17,0
8,0.3535073519980406,0
8,-0.35350735199804073,0
8,0.3535073519980406,1
8,-0.35350735199804073,0
8,-0.35350735199804073,0
8,-0.7070147039960815,0
8,0.7070147039960815,1
8,0.7070147039960815,1
8,-0.7070147039960815,0
8,0.7070147039960815,1
8,-0.7070147039960815,0
8,0.3535073519980406,0
8,0.7070147039960815,1
8,0.3535073519980406,0
8,2.2202575118935752e-17,0
8,0.7070147039960815,1
8,-0.7070147039960815,0
10,2.2202575118935752e-17,0
10,0.3535073519980406,0
10,2.2202575118935752e-17,0
10,0.7070147039960815,1
10,2.2202575118935752e-17,0
10,-0.7070147039960815,0
10,0.3535073519980406,1
10,2.2202575118935752e-17,0
10,-0.35350735199804073,0
10,0.3535073519980406,1
10,2.2202575118935752e-17,0
10,0.3535073519980406,0
10,0.7070147039960815,1
10,-0.7070147039960815,0
10,-0.7070147039960815,0
10,0.3535073519980406,1
10,-0.35350735199804073,0
10,2.2202575118935752e-17,0
10,-0.35350735199804073,0
10,-0.35350735199804073,0
10,0.3535073519980406,1
10,2.2202575118935752e-17,1
10,2.2202575118935752e-17,1
10,0.7070147039960815,1
10,0.3535073519980406,0
10,0.7070147039960815,1
10,0.7070147039960815,1
10,-0.35350735199804073,0
10,-0.7070147039960815,0
10,-0.7070147039960815,0
10,0.7070147039960815,1
10,0.3535073519980406,1
10,0.7070147039960815,1
10,0.7070147039960815,1
10,2.2202575118935752e-17,0
10,-0.35350735199804073,0
10,0.7070147039960815,1
10,-0.7070147039960815,0
10,-0.35350735199804073,0
10,-0.35350735199804073,0
10,0.3535073519980406,1
10,0.3535073519980406,0
10,-0.7070147039960815,0
10,-0.7070147039960815,0
10,0.3535073519980406,1
10,-0.7070147039960815,0
10,0.7070147039960815,1
10,2.2202575118935752e-17,0
10,-0.35350735199804073,1
10,0.7070147039960815,1
10,0.3535073519980406,1
10,0.3535073519980406,0
10,-0.7070147039960815,0
10,-0.7070147039960815,1
10,2.2202575118935752e-17,0
10,0.3535073519980406,0
10,-0.35350735199804073,0
10,-0.35350735199804073,0
10,2.2202575118935752e-17,0
10,-0.7070147039960815,0
10,-0.7070147039960815,0
10,2.2202575118935752e-17,0
10,-0.7070147039960815,0
10,0.7070147039960815,1
10,-0.35350735199804073,0
10,-0.35350735199804073,0
10,2.2202575118935752e-17,1
10,-0.7070147039960815,0
10,-0.35350735199804073,1
10,-0.7070147039960815,0
10,-0.35350735199804073,0
10,2.2202575118935752e-17,0
10,0.3535073519980406,1
10,0.7070147039960815,1
10,-0.35350735199804073,0
10,0.7070147039960815,1
10,0.3535073519980406,1
10,2.2202575118935752e-17,1
10,0.3535073519980406,1
10,-0.35350735199804073,0
10,-0.35350735199804073,0
10,0.3535073519980406,1
10,2.2202575118935752e-17,0
10,0.7070147039960815,1
10,-0.7070147039960815,0
10,-0.35350735199804073,0
10,0.7070147039960815,1
10,2.2202575118935752e-17,0
10,0.7070147039960815,1
10,-0.35350735199804073,0
10,-0.7070147039960815,0
10,0.7070147039960815,1
10,2.2202575118935752e-17,0
10,0.7070147039960815,1
10,0.3535073519980406,1
10,0.3535073519980406,1
10,-0.7070147039960815,0
10,2.2202575118935752e-17,1
10,2.2202575118935752e-17,0
10,-0.35350735199804073,0
10,2.2202575118935752e-17,0
10,-0.7070147039960815,0
10,2.2202575118935752e-17,0
10,0.3535073519980406,0
10,-0.35350735199804073,0
10,0.3535073519980406,1
10,-0.35350735199804073,0
10,-0.35350735199804073,0
10,-0.7070147039960815,0
10,0.7070147039960815,1
10,0.7070147039960815,1
10,-0.7070147039960815,0
10,0.7070147039960815,0
10,-0.7070147039960815,0
10,0.3535073519980406,0
10,0.7070147039960815,1
10,0.3535073519980406,1
10,2.2202575118935752e-17,0
10,0.7070147039960815,1
10,-0.7070147039960815,0
11,2.2202575118935752e-17,0
11,0.3535073519980406,0
11,2.2202575118935752e-17,0
11,0.7070147039960815,1
11,2.2202575118935752e-17,0
11,-0.7070147039960815,0
11,0.3535073519980406,1
11,2.2202575118935752e-17,0
11,-0.35350735199804073,0
11,0.3535073519980406,1
11,2.2202575118935752e-17,0
11,0.3535073519980406,0
11,0.7070147039960815,1
11,-0.7070147039960815,0
11,-0.7070147039960815,0
11,0.3535073519980406,1
11,-0.35350735199804073,0
11,2.2202575118935752e-17,0
11,-0.35350735199804073,0
11,-0.35350735199804073,0
11,0.3535073519980406,0
11,2.2202575118935752e-17,0
11,2.2202575118935752e-17,0
11,0.7070147039960815,1
11,0.3535073519980406,1
11,0.7070147039960815,1
11,0.7070147039960815,1
11,-0.35350735199804073,0
11,-0.7070147039960815,0
11,-0.7070147039960815,0
11,0.7070147039960815,1
11,0.3535073519980406,1
11,0.7070147039960815,1
11,0.7070147039960815,1
11,2.2202575118935752e-17,0
11,-0.35350735199804073,0
11,0.7070147039960815,1
11,-0.7070147039960815,0
11,-0.35350735199804073,1
11,-0.35350735199804073,0
11,0.3535073519980406,1
11,0.3535073519980406,1
11,-0.7070147039960815,0
11,-0.7070147039960815,0
11,0.3535073519980406,1
11,-0.7070147039960815,0
11,0.7070147039960815,1
11,2.2202575118935752e-17,0
11,-0.35350735199804073,0
11,0.7070147039960815,1
11,0.3535073519980406,1
11,0.3535073519980406,1
11,-0.7070147039960815,0
11,-0.7070147039960815,0
11,2.2202575118935752e-17,1
11,0.3535073519980406,1
11,-0.35350735199804073,0
11,-0.35350735199804073,0
11,2.2202575118935752e-17,0
11,-0.7070147039960815,0
11,-0.7070147039960815,0
11,2.2202575118935752e-17,0
11,-0.7070147039960815,0
11,0.7070147039960815,1
11,-0.35350735199804073,0
11,-0.35350735199804073,0
11,2.2202575118935752e-17,1
11,-0.7070147039960815,0
11,-0.35350735199804073,0
11,-0.7070147039960815,0
11,-0.35350735199804073,0
11,2.2202575118935752e-17,0
11,0.3535073519980406,1
11,0.7070147039960815,1
11,-0.35350735199804073,0
11,0.7070147039960815,1
11,0.3535073519980406,1
11,2.2202575118935752e-17,0
11,0.3535073519980406,1
11,-0.35350735199804073,0
11,-0.35350735199804073,0
11,0.3535073519980406,1
11,2.2202575118935752e-17,0
11,0.7070147039960815,1
11,-0.7070147039960815,0
11,-0.35350735199804073,0
11,0.7070147039960815,1
11,2.2202575118935752e-17,1
11,0.7070147039960815,1
11,-0.35350735199804073,0
11,-0.7070147039960815,0
11,0.7070147039960815,1
11,2.2202575118935752e-17,0
11,0.7070147039960815,1
11,0.3535073519980406,1
11,0.3535073519980406,0
11,-0.7070147039960815,0
11,2.2202575118935752e-17,0
11,2.2202575118935752e-17,0
11,-0.35350735199804073,0
11,2.2202575118935752e-17,1
11,-0.7070147039960815,0
11,2.2202575118935752e-17,0
11,0.3535073519980406,0
11,-0.35350735199804073,1
11,0.3535073519980406,0
11,-0.35350735199804073,0
11,-0.35350735199804073,0
11,-0.7070147039960815,0
11,0.7070147039960815,1
11,0.7070147039960815,1
11,-0.7070147039960815,0
11,0.7070147039960815,1
11,-0.7070147039960815,0
11,0.3535073519980406,1
11,0.7070147039960815,1
11,0.3535073519980406,1
11,2.2202575118935752e-17,0
11,0.7070147039960815,1
11,-0.7070147039960815,0
12,2.2202575118935752e-17,1
12,0.3535073519980406,1
12,2.2202575118935752e-17,0
12,0.7070147039960815,1
12,2.2202575118935752e-17,0
12,-0.7070147039960815,0
12,0.3535073519980406,1
12,2.2202575118935752e-17,0
12,-0.35350735199804073,0
12,0.3535073519980406,1
12,2.2202575118935752e-17,0
12,0.3535073519980406,1
12,0.7070147039960815,1
12,-0.7070147039960815,0
12,-0.7070147039960815,0
12,0.3535073519980406,1
12,-0.35350735199804073,0
12,2.2202575118935752e-17,0
12,-0.35350735199804073,0
12,-0.35350735199804073,0
12,0.3535073519980406,1
12,2.2202575118935752e-17,0
12,2.2202575118935752e-17,0
12,0.7070147039960815,1
12,0.3535073519980406,1
12,0.7070147039960815,1
12,0.7070147039960815,1
12,-0.35350735199804073,0
12,-0.7070147039960815,0
12,-0.7070147039960815,0
12,0.7070147039960815,1
12,0.3535073519980406,1
12,0.7070147039960815,1
12,0.7070147039960815,1
12,2.2202575118935752e-17,0
12,-0.35350735199804073,0
12,0.7070147039960815,1
12,-0.7070147039960815,0
12,-0.35350735199804073,0
12,-0.35350735199804073,0
12,0.3535073519980406,0
12,0.3535073519980406,1
12,-0.7070147039960815,0
12,-0.7070147039960815,0
12,0.3535073519980406,0
12,-0.7070147039960815,0
12,0.7070147039960815,1
12,2.2202575118935752e-17,0
12,-0.35350735199804073,0
12,0.7070147039960815,1
12,0.3535073519980406,0
12,0.3535073519980406,0
12,-0.7070147039960815,0
12,-0.7070147039960815,0
12,2.2202575118935752e-17,1
12,0.3535073519980406,0
12,-0.35350735199804073,0
12,-0.35350735199804073,0
12,2.2202575118935752e-17,0
12,-0.7070147039960815,0
12,-0.7070147039960815,0
12,2.2202575118935752e-17,0
12,-0.7070147039960815,0
12,0.7070147039960815,1
12,-0.35350735199804073,0
12,-0.35350735199804073,0
12,2.2202575118935752e-17,0
12,-0.7070147039960815,0
12,-0.35350735199804073,1
12,-0.7070147039960815,0
12,-0.35350735199804073,0
12,2.2202575118935752e-17,0
12,0.3535073519980406,0
12,0.7070147039960815,1
12,-0.35350735199804073,0
12,0.7070147039960815,1
12,0.3535073519980406,1
12,2.2202575118935752e-17,0
12,0.3535073519980406,1
12,-0.35350735199804073,0
12,-0.35350735199804073,0
12,0.3535073519980406,0
12,2.2202575118935752e-17,0
12,0.7070147039960815,1
12,-0.7070147039960815,0
12,-0.35350735199804073,0
12,0.7070147039960815,1
12,2.2202575118935752e-17,0
12,0.7070147039960815,1
12,-0.35350735199804073,0
12,-0.7070147039960815,0
12,0.7070147039960815,1
12,2.2202575118935752e-17,0
12,0.7070147039960815,1
12,0.3535073519980406,1
12,0.3535073519980406,0
12,-0.7070147039960815,0
12,2.2202575118935752e-17,0
12,2.2202575118935752e-17,0
12,-0.35350735199804073,0
12,2.2202575118935752e-17,0
12,-0.7070147039960815,0
12,2.2202575118935752e-17,0
12,0.3535073519980406,1
12,-0.35350735199804073,0
12,0.3535073519980406,1
12,-0.35350735199804073,0
12,-0.35350735199804073,0
12,-0.7070147039960815,0
12,0.7070147039960815,1
12,0.7070147039960815,1
12,-0.7070147039960815,0
12,0.7070147039960815,1
12,-0.7070147039960815,0
12,0.3535073519980406,0
12,0.7070147039960815,1
12,0.3535073519980406,1
12,2.2202575118935752e-17,0
12,0.7070147039960815,1
12,-0.7070147039960815,0
13,2.2202575118935752e-17,0
13,0.3535073519980406,0
13,2.2202575118935752e-17,0
13,0.7070147039960815,1
13,2.2202575118935752e-17,0
13,-0.7070147039960815,0
13,0.3535073519980406,1
13,2.2202575118935752e-17,0
13,-0.35350735199804073,0
13,0.3535073519980406,1
13,2.2202575118935752e-17,0
13,0.3535073519980406,0
13,0.7070147039960815,1
13,-0.7070147039960815,0
13,-0.7070147039960815,0
13,0.3535073519980406,1
13,-0.35350735199804073,0
13,2.2202575118935752e-17,0
13,-0.35350735199804073,0
13,-0.35350735199804073,0
13,0.3535073519980406,0
13,2.2202575118935752e-17,0
13,2.2202575118935752e-17,0
13,0.7070147039960815,1
13,0.3535073519980406,0
13,0.7070147039960815,1
13,0.7070147039960815,1
13,-0.35350735199804073,0
13,-0.7070147039960815,0
13,-0.7070147039960815,0
13,0.7070147039960815,1
13,0.3535073519980406,1
13,0.7070147039960815,1
13,0.7070147039960815,1
13,2.2202575118935752e-17,0
13,-0.35350735199804073,0
13,0.7070147039960815,1
13,-0.7070147039960815,0
13,-0.35350735199804073,0
13,-0.35350735199804073,0
13,0.3535073519980406,1
13,0.3535073519980406,0
13,-0.7070147039960815,0
13,-0.7070147039960815,0
13,0.3535073519980406,1
13,-0.7070147039960815,0
13,0.7070147039960815,1
13,2.2202575118935752e-17,0
13,-0.35350735199804073,0
13,0.7070147039960815,1
13,0.3535073519980406,1
13,0.3535073519980406,1
13,-0.7070147039960815,0
13,-0.7070147039960815,0
13,2.2202575118935752e-17,0
13,0.3535073519980406,0
13,-0.35350735199804073,0
13,-0.35350735199804073,0
13,2.2202575118935752e-17,0
13,-0.7070147039960815,0
13,-0.7070147039960815,0
13,2.2202575118935752e-17,1
13,-0.7070147039960815,0
13,0.7070147039960815,1
13,-0.35350735199804073,0
13,-0.35350735199804073,0
13,2.2202575118935752e-17,1
13,-0.7070147039960815,0
13,-0.35350735199804073,0
13,-0.7070147039960815,0
13,-0.35350735199804073,0
13,2.2202575118935752e-17,0
13,0.3535073519980406,0
13,0.7070147039960815,1
13,-0.35350735199804073,0
13,0.7070147039960815,1
13,0.3535073519980406,1
13,2.2202575118935752e-17,0
13,0.3535073519980406,1
13,-0.35350735199804073,0
13,-0.35350735199804073,0
13,0.3535073519980406,1
13,2.2202575118935752e-17,0
13,0.7070147039960815,1
13,-0.7070147039960815,0
13,-0.35350735199804073,0
13,0.7070147039960815,0
13,2.2202575118935752e-17,0
13,0.7070147039960815,1
13,-0.35350735199804073,0
13,-0.7070147039960815,0
13,0.7070147039960815,1
13,2.2202575118935752e-17,0
13,0.7070147039960815,1
13,0.3535073519980406,1
13,0.3535073519980406,0
13,-0.7070147039960815,0
13,2.2202575118935752e-17,0
13,2.2202575118935752e-17,0
13,-0.35350735199804073,0
13,2.2202575118935752e-17,0
13,-0.7070147039960815,0
13,2.2202575118935752e-17,0
13,0.3535073519980406,0
13,-0.35350735199804073,0
13,0.3535073519980406,0
13,-0.35350735199804073,0
13,-0.35350735199804073,0
13,-0.7070147039960815,0
13,0.7070147039960815,1
13,0.7070147039960815,1
13,-0.7070147039960815,0
13,0.7070147039960815,1
13,-0.7070147039960815,0
13,0.3535073519980406,0
13,0.7070147039960815,0
13,0.3535073519980406,0
13,2.2202575118935752e-17,0
13,0.7070147039960815,1
13,-0.7070147039960815,0
14,2.2202575118935752e-17,1
14,0.3535073519980406,1
14,2.2202575118935752e-17,1
14,0.7070147039960815,1
14,2.2202575118935752e-17,0
14,-0.7070147039960815,1
14,0.3535073519980406,1
14,2.2202575118935752e-17,0
14,-0.35350735199804073,1
14,0.3535073519980406,1
14,2.2202575118935752e-17,1
14,0.3535073519980406,1
14,0.7070147039960815,1
14,-0.7070147039960815,0
14,-0.7070147039960815,0
14,0.3535073519980406,1
14,-0.35350735199804073,0
14,2.2202575118935752e-17,0
14,-0.35350735199804073,0
14,-0.35350735199804073,0
14,0.3535073519980406,1
14,2.2202575118935752e-17,0
14,2.2202575118935752e-17,1
14,0.7070147039960815,1
14,0.3535073519980406,1
14,0.7070147039960815,1
14,0.7070147039960815,1
14,-0.35350735199804073,0
14,-0.7070147039960815,0
14,-0.7070147039960815,0
14,0.7070147039960815,1
14,0.3535073519980406,1
14,0.7070147039960815,1
14,0.7070147039960815,1
14,2.2202575118935752e-17,0
14,-0.35350735199804073,0
14,0.7070147039960815,1
14,-0.7070147039960815,0
14,-0.35350735199804073,0
14,-0.35350735199804073,0
14,0.3535073519980406,1
14,0.3535073519980406,1
14,-0.7070147039960815,0
14,-0.7070147039960815,0
14,0.3535073519980406,1
14,-0.7070147039960815,0
14,0.7070147039960815,1
14,2.2202575118935752e-17,0
14,-0.35350735199804073,0
14,0.7070147039960815,1
14,0.3535073519980406,0
14,0.3535073519980406,1
14,-0.7070147039960815,0
14,-0.7070147039960815,0
14,2.2202575118935752e-17,1
14,0.3535073519980406,1
14,-0.35350735199804073,0
14,-0.35350735199804073,0
14,2.2202575118935752e-17,1
14,-0.7070147039960815,0
14,-0.7070147039960815,0
14,2.2202575118935752e-17,1
14,-0.7070147039960815,0
14,0.7070147039960815,1
14,-0.35350735199804073,0
14,-0.35350735199804073,0
14,2.2202575118935752e-17,0
14,-0.7070147039960815,0
14,-0.35350735199804073,1
14,-0.7070147039960815,0
14,-0.35350735199804073,0
14,2.2202575118935752e-17,0
14,0.3535073519980406,1
14,0.7070147039960815,1
14,-0.35350735199804073,0
14,0.7070147039960815,1
14,0.3535073519980406,1
14,2.2202575118935752e-17,0
14,0.3535073519980406,0
14,-0.35350735199804073,0
14,-0.35350735199804073,0
14,0.3535073519980406,0
14,2.2202575118935752e-17,0
14,0.7070147039960815,1
14,-0.7070147039960815,0
14,-0.35350735199804073,0
14,0.7070147039960815,1
14,2.2202575118935752e-17,1
14,0.7070147039960815,1
14,-0.35350735199804073,0
14,-0.7070147039960815,0
14,0.7070147039960815,1
14,2.2202575118935752e-17,1
14,0.7070147039960815,1
14,0.3535073519980406,1
14,0.3535073519980406,1
14,-0.7070147039960815,0
14,2.2202575118935752e-17,1
14,2.2202575118935752e-17,0
14,-0.35350735199804073,0
14,2.2202575118935752e-17,1
14,-0.7070147039960815,0
14,2.2202575118935752e-17,0
14,0.3535073519980406,0
14,-0.35350735199804073,0
14,0.3535073519980406,1
14,-0.35350735199804073,0
14,-0.35350735199804073,0
14,-0.7070147039960815,0
14,0.7070147039960815,1
14,0.7070147039960815,1
14,-0.7070147039960815,0
14,0.7070147039960815,1
14,-0.7070147039960815,0
14,0.3535073519980406,0
14,0.7070147039960815,1
14,0.3535073519980406,1
14,2.2202575118935752e-17,0
14,0.7070147039960815,1
14,-0.7070147039960815,0
15,2.2202575118935752e-17,0
15,0.3535073519980406,1
15,2.2202575118935752e-17,1
15,0.7070147039960815,1
15,2.2202575118935752e-17,0
15,-0.7070147039960815,1
15,0.3535073519980406,0
15,2.2202575118935752e-17,0
15,-0.35350735199804073,0
15,0.3535073519980406,0
15,2.2202575118935752e-17,1
15,0.3535073519980406,1
15,0.7070147039960815,1
15,-0.7070147039960815,0
15,-0.7070147039960815,0
15,0.3535073519980406,1
15,-0.35350735199804073,0
15,2.2202575118935752e-17,0
15,-0.35350735199804073,0
15,-0.35350735199804073,0
15,0.3535073519980406,1
15,2.2202575118935752e-17,1
15,2.2202575118935752e-17,1
15,0.7070147039960815,1
15,0.3535073519980406,1
15,0.7070147039960815,1
15,0.7070147039960815,1
15,-0.35350735199804073,0
15,-0.7070147039960815,0
15,-0.7070147039960815,0
15,0.7070147039960815,1
15,0.3535073519980406,0
15,0.7070147039960815,1
15,0.7070147039960815,1
15,2.2202575118935752e-17,0
15,-0.35350735199804073,0
15,0.7070147039960815,1
15,-0.7070147039960815,0
15,-0.35350735199804073,0
15,-0.35350735199804073,1
15,0.3535073519980406,1
15,0.3535073519980406,0
15,-0.7070147039960815,0
15,-0.7070147039960815,0
15,0.3535073519980406,0
15,-0.7070147039960815,0
15,0.7070147039960815,1
15,2.2202575118935752e-17,0
15,-0.35350735199804073,0
15,0.7070147039960815,1
15,0.3535073519980406,1
15,0.3535073519980406,1
15,-0.7070147039960815,0
15,-0.7070147039960815,0
15,2.2202575118935752e-17,1
15,0.3535073519980406,1
15,-0.35350735199804073,0
15,-0.35350735199804073,0
15,2.2202575118935752e-17,1
15,-0.7070147039960815,0
15,-0.7070147039960815,0
15,2.2202575118935752e-17,1
15,-0.7070147039960815,0
15,0.7070147039960815,1
15,-0.35350735199804073,0
15,-0.35350735199804073,0
15,2.2202575118935752e-17,0
15,-0.7070147039960815,0
15,-0.35350735199804073,0
15,-0.7070147039960815,0
15,-0.35350735199804073,0
15,2.2202575118935752e-17,0
15,0.3535073519980406,1
15,0.7070147039960815,1
15,-0.35350735199804073,0
15,0.7070147039960815,1
15,0.3535073519980406,1
15,2.2202575118935752e-17,1
15,0.3535073519980406,1
15,-0.35350735199804073,0
15,-0.35350735199804073,0
15,0.3535073519980406,1
15,2.2202575118935752e-17,0
15,0.7070147039960815,1
15,-0.7070147039960815,0
15,-0.35350735199804073,0
15,0.7070147039960815,1
15,2.2202575118935752e-17,0
15,0.7070147039960815,1
15,-0.35350735199804073,0
15,-0.7070147039960815,0
15,0.7070147039960815,1
15,2.2202575118935752e-17,0
15,0.7070147039960815,1
15,0.3535073519980406,0
15,0.3535073519980406,0
15,-0.7070147039960815,0
15,2.2202575118935752e-17,0
15,2.2202575118935752e-17,0
15,-0.35350735199804073,0
15,2.2202575118935752e-17,0
15,-0.7070147039960815,0
15,2.2202575118935752e-17,1
15,0.3535073519980406,0
15,-0.35350735199804073,0
15,0.3535073519980406,1
15,-0.35350735199804073,0
15,-0.35350735199804073,0
15,-0.7070147039960815,0
15,0.7070147039960815,1
15,0.7070147039960815,1
15,-0.7070147039960815,0
15,0.7070147039960815,1
15,-0.7070147039960815,0
15,0.3535073519980406,0
15,0.7070147039960815,1
15,0.3535073519980406,0
15,2.2202575118935752e-17,0
15,0.7070147039960815,1
15,-0.7070147039960815,0
16,2.2202575118935752e-17,0
16,0.3535073519980406,1
16,2.2202575118935752e-17,0
16,0.7070147039960815,0
16,2.2202575118935752e-17,0
16,-0.7070147039960815,0
16,0.3535073519980406,1
16,2.2202575118935752e-17,0
16,-0.35350735199804073,1
16,0.3535073519980406,1
16,2.2202575118935752e-17,1
16,0.3535073519980406,1
16,0.7070147039960815,1
16,-0.7070147039960815,0
16,-0.7070147039960815,0
16,0.3535073519980406,1
16,-0.35350735199804073,1
16,2.2202575118935752e-17,0
16,-0.35350735199804073,0
16,-0.35350735199804073,0
16,0.3535073519980406,0
16,2.2202575118935752e-17,0
16,2.2202575118935752e-17,1
16,0.7070147039960815,1
16,0.3535073519980406,1
16,0.7070147039960815,0
16,0.7070147039960815,1
16,-0.35350735199804073,0
16,-0.7070147039960815,0
16,-0.7070147039960815,0
16,0.7070147039960815,1
16,0.3535073519980406,0
16,0.7070147039960815,1
16,0.7070147039960815,1
16,2.2202575118935752e-17,0
16,-0.35350735199804073,1
16,0.7070147039960815,1
16,-0.7070147039960815,0
16,-0.35350735199804073,1
16,-0.35350735199804073,0
16,0.3535073519980406,1
16,0.3535073519980406,1
16,-0.7070147039960815,0
16,-0.7070147039960815,1
16,0.3535073519980406,1
16,-0.7070147039960815,0
16,0.7070147039960815,1
16,2.2202575118935752e-17,0
16,-0.35350735199804073,0
16,0.7070147039960815,1
16,0.3535073519980406,1
16,0.3535073519980406,1
16,-0.7070147039960815,0
16,-0.7070147039960815,0
16,2.2202575118935752e-17,1
16,0.3535073519980406,1
16,-0.35350735199804073,0
16,-0.35350735199804073,0
16,2.2202575118935752e-17,0
16,-0.7070147039960815,0
16,-0.7070147039960815,0
16,2.2202575118935752e-17,0
16,-0.7070147039960815,0
16,0.7070147039960815,1
16,-0.35350735199804073,0
16,-0.35350735199804073,1
16,2.2202575118935752e-17,1
16,-0.7070147039960815,1
16,-0.35350735199804073,0
16,-0.7070147039960815,0
16,-0.35350735199804073,1
16,2.2202575118935752e-17,1
16,0.3535073519980406,1
16,0.7070147039960815,1
16,-0.35350735199804073,0
16,0.7070147039960815,1
16,0.3535073519980406,1
16,2.2202575118935752e-17,0
16,0.3535073519980406,1
16,-0.35350735199804073,0
16,-0.35350735199804073,0
16,0.3535073519980406,1
16,2.2202575118935752e-17,0
16,0.7070147039960815,1
16,-0.7070147039960815,0
16,-0.35350735199804073,0
16,0.7070147039960815,1
16,2.2202575118935752e-17,0
16,0.7070147039960815,1
16,-0.35350735199804073,0
16,-0.7070147039960815,0
16,0.7070147039960815,1
16,2.2202575118935752e-17,1
16,0.7070147039960815,1
16,0.3535073519980406,1
16,0.3535073519980406,1
16,-0.7070147039960815,0
16,2.2202575118935752e-17,1
16,2.2202575118935752e-17,0
16,-0.35350735199804073,0
16,2.2202575118935752e-17,1
16,-0.7070147039960815,0
16,2.2202575118935752e-17,0
16,0.3535073519980406,0
16,-0.35350735199804073,0
16,0.3535073519980406,0
16,-0.35350735199804073,0
16,-0.35350735199804073,0
16,-0.7070147039960815,0
16,0.7070147039960815,0
16,0.7070147039960815,1
16,-0.7070147039960815,0
16,0.7070147039960815,1
16,-0.7070147039960815,0
16,0.3535073519980406,0
16,0.7070147039960815,0
16,0.3535073519980406,1
16,2.2202575118935752e-17,0
16,0.7070147039960815,1
16,-0.7070147039960815,1
17,2.2202575118935752e-17,1
17,0.3535073519980406,1
17,2.2202575118935752e-17,0
17,0.7070147039960815,1
17,2.2202575118935752e-17,0
17,-0.7070147039960815,1
17,0.3535073519980406,1
17,2.2202575118935752e-17,1
17,-0.35350735199804073,0
17,0.3535073519980406,1
17,2.2202575118935752e-17,1
17,0.3535073519980406,1
17,0.7070147039960815,1
17,-0.7070147039960815,0
17,-0.7070147039960815,0
17,0.3535073519980406,1
17,-0.35350735199804073,0
17,2.2202575118935752e-17,1
17,-0.35350735199804073,0
17,-0.35350735199804073,0
17,0.3535073519980406,1
17,2.2202575118935752e-17,0
17,2.2202575118935752e-17,0
17,0.7070147039960815,1
17,0.3535073519980406,1
17,0.7070147039960815,1
17,0.7070147039960815,1
17,-0.35350735199804073,0
17,-0.7070147039960815,0
17,-0.7070147039960815,0
17,0.7070147039960815,1
17,0.3535073519980406,1
17,0.7070147039960815,1
17,0.7070147039960815,1
17,2.2202575118935752e-17,0
17,-0.35350735199804073,0
17,0.7070147039960815,1
17,-0.7070147039960815,0
17,-0.35350735199804073,0
17,-0.35350735199804073,0
17,0.3535073519980406,1
17,0.3535073519980406,0
17,-0.7070147039960815,0
17,-0.7070147039960815,0
17,0.3535073519980406,1
17,-0.7070147039960815,0
17,0.7070147039960815,1
17,2.2202575118935752e-17,1
17,-0.35350735199804073,0
17,0.7070147039960815,1
17,0.3535073519980406,0
17,0.3535073519980406,0
17,-0.7070147039960815,0
17,-0.7070147039960815,0
17,2.2202575118935752e-17,0
17,0.3535073519980406,1
17,-0.35350735199804073,0
17,-0.35350735199804073,0
17,2.2202575118935752e-17,0
17,-0.7070147039960815,0
17,-0.7070147039960815,0
17,2.2202575118935752e-17,0
17,-0.7070147039960815,0
17,0.7070147039960815,1
17,-0.35350735199804073,1
17,-0.35350735199804073,0
17,2.2202575118935752e-17,0
17,-0.7070147039960815,0
17,-0.35350735199804073,0
17,-0.7070147039960815,0
17,-0.35350735199804073,0
17,2.2202575118935752e-17,0
17,0.3535073519980406,1
17,0.7070147039960815,1
17,-0.35350735199804073,0
17,0.7070147039960815,1
17,0.3535073519980406,1
17,2.2202575118935752e-17,1
17,0.3535073519980406,1
17,-0.35350735199804073,0
17,-0.35350735199804073,0
17,0.3535073519980406,1
17,2.2202575118935752e-17,0
17,0.7070147039960815,1
17,-0.7070147039960815,0
17,-0.35350735199804073,0
17,0.7070147039960815,1
17,2.2202575118935752e-17,1
17,0.7070147039960815,1
17,-0.35350735199804073,0
17,-0.7070147039960815,0
17,0.7070147039960815,1
17,2.2202575118935752e-17,1
17,0.7070147039960815,1
17,0.3535073519980406,1
17,0.3535073519980406,0
17,-0.7070147039960815,0
17,2.2202575118935752e-17,0
17,2.2202575118935752e-17,0
17,-0.35350735199804073,0
17,2.2202575118935752e-17,0
17,-0.7070147039960815,0
17,2.2202575118935752e-17,0
17,0.3535073519980406,0
17,-0.35350735199804073,0
17,0.3535073519980406,1
17,-0.35350735199804073,0
17,-0.35350735199804073,0
17,-0.7070147039960815,0
17,0.7070147039960815,1
17,0.7070147039960815,0
17,-0.7070147039960815,0
17,0.7070147039960815,1
17,-0.7070147039960815,0
17,0.3535073519980406,1
17,0.7070147039960815,1
17,0.3535073519980406,1
17,2.2202575118935752e-17,0
17,0.7070147039960815,1
17,-0.7070147039960815,0
18,2.2202575118935752e-17,0
18,0.3535073519980406,1
18,2.2202575118935752e-17,1
18,0.7070147039960815,1
18,2.2202575118935752e-17,0
18,-0.7070147039960815,1
18,0.3535073519980406,1
18,2.2202575118935752e-17,0
18,-0.35350735199804073,0
18,0.3535073519980406,1
18,2.2202575118935752e-17,0
18,0.3535073519980406,1
18,0.7070147039960815,1
18,-0.7070147039960815,0
18,-0.7070147039960815,0
18,0.3535073519980406,1
18,-0.35350735199804073,1
18,2.2202575118935752e-17,0
18,-0.35350735199804073,0
18,-0.35350735199804073,0
18,0.3535073519980406,1
18,2.2202575118935752e-17,1
18,2.2202575118935752e-17,1
18,0.7070147039960815,1
18,0.3535073519980406,1
18,0.7070147039960815,1
18,0.7070147039960815,1
18,-0.35350735199804073,0
18,-0.7070147039960815,0
18,-0.7070147039960815,0
18,0.7070147039960815,1
18,0.3535073519980406,1
18,0.7070147039960815,1
18,0.7070147039960815,1
18,2.2202575118935752e-17,0
18,-0.35350735199804073,0
18,0.7070147039960815,1
18,-0.7070147039960815,0
18,-0.35350735199804073,0
18,-0.35350735199804073,0
18,0.3535073519980406,1
18,0.3535073519980406,1
18,-0.7070147039960815,0
18,-0.7070147039960815,0
18,0.3535073519980406,1
18,-0.7070147039960815,0
18,0.7070147039960815,1
18,2.2202575118935752e-17,0
18,-0.35350735199804073,0
18,0.7070147039960815,1
18,0.3535073519980406,1
18,0.3535073519980406,0
18,-0.7070147039960815,0
18,-0.7070147039960815,0
18,2.2202575118935752e-17,1
18,0.3535073519980406,0
18,-0.35350735199804073,0
18,-0.35350735199804073,0
18,2.2202575118935752e-17,0
18,-0.7070147039960815,0
18,-0.7070147039960815,0
18,2.2202575118935752e-17,1
18,-0.7070147039960815,0
18,0.7070147039960815,1
18,-0.35350735199804073,0
18,-0.35350735199804073,0
18,2.2202575118935752e-17,0
18,-0.7070147039960815,0
18,-0.35350735199804073,0
18,-0.7070147039960815,0
18,-0.35350735199804073,0
18,2.2202575118935752e-17,0
18,0.3535073519980406,1
18,0.7070147039960815,1
18,-0.35350735199804073,0
18,0.7070147039960815,1
18,0.3535073519980406,1
18,2.2202575118935752e-17,0
18,0.3535073519980406,0
18,-0.35350735199804073,0
18,-0.35350735199804073,0
18,0.3535073519980406,1
18,2.2202575118935752e-17,1
18,0.7070147039960815,1
18,-0.7070147039960815,0
18,-0.35350735199804073,0
18,0.7070147039960815,1
18,2.2202575118935752e-17,0
18,0.7070147039960815,1
18,-0.35350735199804073,0
18,-0.7070147039960815,0
18,0.7070147039960815,1
18,2.2202575118935752e-17,0
18,0.7070147039960815,1
18,0.3535073519980406,1
18,0.3535073519980406,1
18,-0.7070147039960815,0
18,2.2202575118935752e-17,0
18,2.2202575118935752e-17,0
18,-0.35350735199804073,0
18,2.2202575118935752e-17,1
18,-0.7070147039960815,0
18,2.2202575118935752e-17,0
18,0.3535073519980406,0
18,-0.35350735199804073,0
18,0.3535073519980406,1
18,-0.35350735199804073,0
18,-0.35350735199804073,0
18,-0.7070147039960815,0
18,0.7070147039960815,1
18,0.7070147039960815,1
18,-0.7070147039960815,0
18,0.7070147039960815,1
18,-0.7070147039960815,0
18,0.3535073519980406,1
18,0.7070147039960815,1
18,0.3535073519980406,0
18,2.2202575118935752e-17,1
18,0.7070147039960815,1
18,-0.7070147039960815,0
19,2.2202575118935752e-17,0
19,0.3535073519980406,0
19,2.2202575118935752e-17,0
19,0.7070147039960815,1
19,2.2202575118935752e-17,0
19,-0.7070147039960815,0
19,0.3535073519980406,1
19,2.2202575118935752e-17,0
19,-0.35350735199804073,1
19,0.3535073519980406,1
19,2.2202575118935752e-17,0
19,0.3535073519980406,1
19,0.7070147039960815,1
19,-0.7070147039960815,0
19,-0.7070147039960815,0
19,0.3535073519980406,0
19,-0.35350735199804073,0
19,2.2202575118935752e-17,1
19,-0.35350735199804073,0
19,-0.35350735199804073,0
19,0.3535073519980406,1
19,2.2202575118935752e-17,1
19,2.2202575118935752e-17,0
19,0.7070147039960815,1
19,0.3535073519980406,1
19,0.7070147039960815,1
19,0.7070147039960815,1
19,-0.35350735199804073,0
19,-0.7070147039960815,0
19,-0.7070147039960815,0
19,0.7070147039960815,1
19,0.3535073519980406,0
19,0.7070147039960815,1
19,0.7070147039960815,1
19,2.2202575118935752e-17,0
19,-0.35350735199804073,0
19,0.7070147039960815,1
19,-0.7070147039960815,0
19,-0.35350735199804073,1
19,-0.35350735199804073,0
19,0.3535073519980406,1
19,0.3535073519980406,1
19,-0.7070147039960815,0
19,-0.7070147039960815,0
19,0.3535073519980406,1
19,-0.7070147039960815,0
19,0.7070147039960815,1
19,2.2202575118935752e-17,1
19,-0.35350735199804073,0
19,0.7070147039960815,1
19,0.3535073519980406,1
19,0.3535073519980406,1
19,-0.7070147039960815,0
19,-0.7070147039960815,0
19,2.2202575118935752e-17,1
19,0.3535073519980406,1
19,-0.35350735199804073,0
19,-0.35350735199804073,0
19,2.2202575118935752e-17,0
19,-0.7070147039960815,0
19,-0.7070147039960815,0
19,2.2202575118935752e-17,1
19,-0.7070147039960815,0
19,0.7070147039960815,1
19,-0.35350735199804073,0
19,-0.35350735199804073,0
19,2.2202575118935752e-17,0
19,-0.7070147039960815,0
19,-0.35350735199804073,0
19,-0.7070147039960815,0
19,-0.35350735199804073,0
19,2.2202575118935752e-17,0
19,0.3535073519980406,0
19,0.7070147039960815,1
19,-0.35350735199804073,0
19,0.7070147039960815,1
19,0.3535073519980406,1
19,2.2202575118935752e-17,1
19,0.3535073519980406,1
19,-0.35350735199804073,0
19,-0.35350735199804073,0
19,0.3535073519980406,1
19,2.2202575118935752e-17,1
19,0.7070147039960815,1
19,-0.7070147039960815,0
19,-0.35350735199804073,0
19,0.7070147039960815,1
19,2.2202575118935752e-17,0
19,0.7070147039960815,1
19,-0.35350735199804073,0
19,-0.7070147039960815,0
19,0.7070147039960815,1
19,2.2202575118935752e-17,1
19,0.7070147039960815,1
19,0.3535073519980406,1
19,0.3535073519980406,1
19,-0.7070147039960815,0
19,2.2202575118935752e-17,0
19,2.2202575118935752e-17,0
19,-0.35350735199804073,1
19,2.2202575118935752e-17,0
19,-0.7070147039960815,0
19,2.2202575118935752e-17,0
19,0.3535073519980406,0
19,-0.35350735199804073,0
19,0.3535073519980406,1
19,-0.35350735199804073,0
19,-0.35350735199804073,0
19,-0.7070147039960815,0
19,0.7070147039960815,1
19,0.7070147039960815,1
19,-0.7070147039960815,0
19,0.7070147039960815,1
19,-0.7070147039960815,0
19,0.3535073519980406,1
19,0.7070147039960815,1
19,0.3535073519980406,1
19,2.2202575118935752e-17,0
19,0.7070147039960815,1
19,-0.7070147039960815,0
20,2.2202575118935752e-17,0
20,0.3535073519980406,1
20,2.2202575118935752e-17,0
20,0.7070147039960815,1
20,2.2202575118935752e-17,0
20,-0.7070147039960815,0
20,0.3535073519980406,0
20,2.2202575118935752e-17,0
20,-0.35350735199804073,0
20,0.3535073519980406,1
20,2.2202575118935752e-17,1
20,0.3535073519980406,1
20,0.7070147039960815,1
20,-0.7070147039960815,0
20,-0.7070147039960815,0
20,0.3535073519980406,1
20,-0.35350735199804073,0
20,2.2202575118935752e-17,1
20,-0.35350735199804073,0
20,-0.35350735199804073,0
20,0.3535073519980406,1
20,2.2202575118935752e-17,0
20,2.2202575118935752e-17,0
20,0.7070147039960815,1
20,0.3535073519980406,1
20,0.7070147039960815,1
20,0.7070147039960815,1
20,-0.35350735199804073,1
20,-0.7070147039960815,0
20,-0.7070147039960815,0
20,0.7070147039960815,1
20,0.3535073519980406,1
20,0.7070147039960815,0
20,0.7070147039960815,1
20,2.2202575118935752e-17,0
20,-0.35350735199804073,0
20,0.7070147039960815,1
20,-0.7070147039960815,0
20,-0.35350735199804073,0
20,-0.35350735199804073,0
20,0.3535073519980406,0
20,0.3535073519980406,0
20,-0.7070147039960815,0
20,-0.7070147039960815,0
20,0.3535073519980406,0
20,-0.7070147039960815,0
20,0.7070147039960815,1
20,2.2202575118935752e-17,0
20,-0.35350735199804073,1
20,0.7070147039960815,0
20,0.3535073519980406,0
20,0.3535073519980406,1
20,-0.7070147039960815,0
20,-0.7070147039960815,0
20,2.2202575118935752e-17,1
20,0.3535073519980406,1
20,-0.35350735199804073,0
20,-0.35350735199804073,0
20,2.2202575118935752e-17,0
20,-0.7070147039960815,0
20,-0.7070147039960815,0
20,2.2202575118935752e-17,0
20,-0.7070147039960815,0
20,0.7070147039960815,1
20,-0.35350735199804073,0
20,-0.35350735199804073,0
20,2.2202575118935752e-17,0
20,-0.7070147039960815,0
20,-0.35350735199804073,0
20,-0.7070147039960815,0
20,-0.35350735199804073,0
20,2.2202575118935752e-17,0
20,0.3535073519980406,1
20,0.7070147039960815,1
20,-0.35350735199804073,0
20,0.7070147039960815,1
20,0.3535073519980406,0
20,2.2202575118935752e-17,0
20,0.3535073519980406,0
20,-0.35350735199804073,0
20,-0.35350735199804073,0
20,0.3535073519980406,0
20,2.2202575118935752e-17,0
20,0.7070147039960815,1
20,-0.7070147039960815,0
20,-0.35350735199804073,0
20,0.7070147039960815,0
20,2.2202575118935752e-17,0
20,0.7070147039960815,1
20,-0.35350735199804073,0
20,-0.7070147039960815,0
20,0.7070147039960815,1
20,2.2202575118935752e-17,1
20,0.7070147039960815,1
20,0.3535073519980406,1
20,0.3535073519980406,0
20,-0.7070147039960815,0
20,2.2202575118935752e-17,0
20,2.2202575118935752e-17,0
20,-0.35350735199804073,0
20,2.2202575118935752e-17,0
20,-0.7070147039960815,0
20,2.2202575118935752e-17,0
20,0.3535073519980406,0
20,-0.35350735199804073,0
20,0.3535073519980406,1
20,-0.35350735199804073,0
20,-0.35350735199804073,0
20,-0.7070147039960815,0
20,0.7070147039960815,1
20,0.7070147039960815,1
20,-0.7070147039960815,0
20,0.7070147039960815,1
20,-0.7070147039960815,0
20,0.3535073519980406,0
20,0.7070147039960815,1
20,0.3535073519980406,0
20,2.2202575118935752e-17,0
20,0.7070147039960815,1
20,-0.7070147039960815,0
21,2.2202575118935752e-17,1
21,0.3535073519980406,1
21,2.2202575118935752e-17,1
21,0.7070147039960815,1
21,2.2202575118935752e-17,1
21,-0.7070147039960815,0
21,0.3535073519980406,1
21,2.2202575118935752e-17,1
21,-0.35350735199804073,0
21,0.3535073519980406,1
21,2.2202575118935752e-17,1
21,0.3535073519980406,1
21,0.7070147039960815,1
21,-0.7070147039960815,0
21,-0.7070147039960815,0
21,0.3535073519980406,1
21,-0.35350735199804073,0
21,2.2202575118935752e-17,0
21,-0.35350735199804073,1
21,-0.35350735199804073,1
21,0.3535073519980406,1
21,2.2202575118935752e-17,0
21,2.2202575118935752e-17,1
21,0.7070147039960815,1
21,0.3535073519980406,1
21,0.7070147039960815,1
21,0.7070147039960815,1
21,-0.35350735199804073,0
21,-0.7070147039960815,0
21,-0.7070147039960815,0
21,0.7070147039960815,1
21,0.3535073519980406,1
21,0.7070147039960815,1
21,0.7070147039960815,1
21,2.2202575118935752e-17,1
21,-0.35350735199804073,0
21,0.7070147039960815,1
21,-0.7070147039960815,0
21,-0.35350735199804073,0
21,-0.35350735199804073,1
21,0.3535073519980406,0
21,0.3535073519980406,1
21,-0.7070147039960815,0
21,-0.7070147039960815,0
21,0.3535073519980406,1
21,-0.7070147039960815,0
21,0.7070147039960815,1
21,2.2202575118935752e-17,1
21,-0.35350735199804073,0
21,0.7070147039960815,1
21,0.3535073519980406,1
21,0.3535073519980406,1
21,-0.7070147039960815,0
21,-0.7070147039960815,0
21,2.2202575118935752e-17,1
21,0.3535073519980406,1
21,-0.35350735199804073,0
21,-0.35350735199804073,0
21,2.2202575118935752e-17,1
21,-0.7070147039960815,0
21,-0.7070147039960815,1
21,2.2202575118935752e-17,1
21,-0.7070147039960815,0
21,0.7070147039960815,1
21,-0.35350735199804073,1
21,-0.35350735199804073,1
21,2.2202575118935752e-17,1
21,-0.7070147039960815,0
21,-0.35350735199804073,0
21,-0.7070147039960815,0
21,-0.35350735199804073,0
21,2.2202575118935752e-17,1
21,0.3535073519980406,1
21,0.7070147039960815,1
21,-0.35350735199804073,0
21,0.7070147039960815,1
21,0.3535073519980406,1
21,2.2202575118935752e-17,1
21,0.3535073519980406,1
21,-0.35350735199804073,1
21,-0.35350735199804073,0
21,0.3535073519980406,1
21,2.2202575118935752e-17,1
21,0.7070147039960815,1
21,-0.7070147039960815,1
21,-0.35350735199804073,0
21,0.7070147039960815,1
21,2.2202575118935752e-17,1
21,0.7070147039960815,1
21,-0.35350735199804073,0
21,-0.7070147039960815,0
21,0.7070147039960815,1
21,2.2202575118935752e-17,1
21,0.7070147039960815,1
21,0.3535073519980406,1
21,0.3535073519980406,1
21,-0.7070147039960815,0
21,2.2202575118935752e-17,1
21,2.2202575118935752e-17,1
21,-0.35350735199804073,0
21,2.2202575118935752e-17,1
21,-0.7070147039960815,0
21,2.2202575118935752e-17,1
21,0.3535073519980406,1
21,-0.35350735199804073,1
21,0.3535073519980406,1
21,-0.35350735199804073,0
21,-0.35350735199804073,0
21,-0.7070147039960815,0
21,0.7070147039960815,1
21,0.7070147039960815,1
21,-0.7070147039960815,0
21,0.7070147039960815,1
21,-0.7070147039960815,0
21,0.3535073519980406,1
21,0.7070147039960815,1
21,0.3535073519980406,1
21,2.2202575118935752e-17,1
21,0.7070147039960815,1
21,-0.7070147039960815,0
22,2.2202575118935752e-17,1
22,0.3535073519980406,0
22,2.2202575118935752e-17,1
22,0.7070147039960815,1
22,2.2202575118935752e-17,0
22,-0.7070147039960815,0
22,0.3535073519980406,1
22,2.2202575118935752e-17,0
22,-0.35350735199804073,0
22,0.3535073519980406,0
22,2.2202575118935752e-17,1
22,0.3535073519980406,1
22,0.7070147039960815,1
22,-0.7070147039960815,0
22,-0.7070147039960815,0
22,0.3535073519980406,1
22,-0.35350735199804073,0
22,2.2202575118935752e-17,1
22,-0.35350735199804073,0
22,-0.35350735199804073,0
22,0.3535073519980406,1
22,2.2202575118935752e-17,1
22,2.2202575118935752e-17,1
22,0.7070147039960815,1
22,0.3535073519980406,1
22,0.7070147039960815,1
22,0.7070147039960815,1
22,-0.35350735199804073,0
22,-0.7070147039960815,0
22,-0.7070147039960815,0
22,0.7070147039960815,1
22,0.3535073519980406,1
22,0.7070147039960815,1
22,0.7070147039960815,1
22,2.2202575118935752e-17,0
22,-0.35350735199804073,0
22,0.7070147039960815,1
22,-0.7070147039960815,0
22,-0.35350735199804073,0
22,-0.35350735199804073,0
22,0.3535073519980406,1
22,0.3535073519980406,1
22,-0.7070147039960815,0
22,-0.7070147039960815,0
22,0.3535073519980406,1
22,-0.7070147039960815,0
22,0.7070147039960815,1
22,2.2202575118935752e-17,1
22,-0.35350735199804073,0
22,0.7070147039960815,1
22,0.3535073519980406,1
22,0.3535073519980406,1
22,-0.7070147039960815,0
22,-0.7070147039960815,0
22,2.2202575118935752e-17,1
22,0.3535073519980406,1
22,-0.35350735199804073,0
22,-0.35350735199804073,0
22,2.2202575118935752e-17,1
22,-0.7070147039960815,0
22,-0.7070147039960815,0
22,2.2202575118935752e-17,0
22,-0.7070147039960815,0
22,0.7070147039960815,1
22,-0.35350735199804073,0
22,-0.35350735199804073,0
22,2.2202575118935752e-17,1
22,-0.7070147039960815,0
22,-0.35350735199804073,0
22,-0.7070147039960815,0
22,-0.35350735199804073,0
22,2.2202575118935752e-17,1
22,0.3535073519980406,0
22,0.7070147039960815,1
22,-0.35350735199804073,0
22,0.7070147039960815,1
22,0.3535073519980406,1
22,2.2202575118935752e-17,1
22,0.3535073519980406,1
22,-0.35350735199804073,0
22,-0.35350735199804073,0
22,0.3535073519980406,0
22,2.2202575118935752e-17,0
22,0.7070147039960815,1
22,-0.7070147039960815,0
22,-0.35350735199804073,0
22,0.7070147039960815,1
22,2.2202575118935752e-17,1
22,0.7070147039960815,1
22,-0.35350735199804073,0
22,-0.7070147039960815,0
22,0.7070147039960815,1
22,2.2202575118935752e-17,0
22,0.7070147039960815,1
22,0.3535073519980406,1
22,0.3535073519980406,1
22,-0.7070147039960815,0
22,2.2202575118935752e-17,0
22,2.2202575118935752e-17,0
22,-0.35350735199804073,0
22,2.2202575118935752e-17,0
22,-0.7070147039960815,0
22,2.2202575118935752e-17,0
22,0.3535073519980406,0
22,-0.35350735199804073,1
22,0.3535073519980406,1
22,-0.35350735199804073,0
22,-0.35350735199804073,0
22,-0.7070147039960815,0
22,0.7070147039960815,1
22,0.7070147039960815,1
22,-0.7070147039960815,0
22,0.7070147039960815,1
22,-0.7070147039960815,0
22,0.3535073519980406,1
22,0.7070147039960815,1
22,0.3535073519980406,1
22,2.2202575118935752e-17,1
22,0.7070147039960815,1
22,-0.7070147039960815,0
23,2.2202575118935752e-17,0
23,0.3535073519980406,1
23,2.2202575118935752e-17,0
23,0.7070147039960815,1
23,2.2202575118935752e-17,1
23,-0.7070147039960815,0
23,0.3535073519980406,1
23,2.2202575118935752e-17,0
23,-0.35350735199804073,0
23,0.3535073519980406,0
23,2.2202575118935752e-17,0
23,0.3535073519980406,1
23,0.7070147039960815,1
23,-0.7070147039960815,0
23,-0.7070147039960815,0
23,0.3535073519980406,1
23,-0.35350735199804073,1
23,2.2202575118935752e-17,0
23,-0.35350735199804073,0
23,-0.35350735199804073,0
23,0.3535073519980406,0
23,2.2202575118935752e-17,1
23,2.2202575118935752e-17,0
23,0.7070147039960815,1
23,0.3535073519980406,1
23,0.7070147039960815,1
23,0.7070147039960815,1
23,-0.35350735199804073,0
23,-0.7070147039960815,0
23,-0.7070147039960815,0
23,0.7070147039960815,1
23,0.3535073519980406,1
23,0.7070147039960815,1
23,0.7070147039960815,1
23,2.2202575118935752e-17,0
23,-0.35350735199804073,1
23,0.7070147039960815,1
23,-0.7070147039960815,0
23,-0.35350735199804073,0
23,-0.35350735199804073,0
23,0.3535073519980406,1
23,0.3535073519980406,1
23,-0.7070147039960815,0
23,-0.7070147039960815,0
23,0.3535073519980406,1
23,-0.7070147039960815,0
23,0.7070147039960815,1
23,2.2202575118935752e-17,1
23,-0.35350735199804073,1
23,0.7070147039960815,1
23,0.3535073519980406,1
23,0.3535073519980406,1
23,-0.7070147039960815,0
23,-0.7070147039960815,0
23,2.2202575118935752e-17,1
23,0.3535073519980406,1
23,-0.35350735199804073,0
23,-0.35350735199804073,1
23,2.2202575118935752e-17,1
23,-0.7070147039960815,0
23,-0.7070147039960815,0
23,2.2202575118935752e-17,0
23,-0.7070147039960815,0
23,0.7070147039960815,0
23,-0.35350735199804073,0
23,-0.35350735199804073,0
23,2.2202575118935752e-17,1
23,-0.7070147039960815,0
23,-0.35350735199804073,0
23,-0.7070147039960815,0
23,-0.35350735199804073,0
23,2.2202575118935752e-17,0
23,0.3535073519980406,1
23,0.7070147039960815,1
23,-0.35350735199804073,0
23,0.7070147039960815,1
23,0.3535073519980406,1
23,2.2202575118935752e-17,1
23,0.3535073519980406,1
23,-0.35350735199804073,1
23,-0.35350735199804073,0
23,0.3535073519980406,1
23,2.2202575118935752e-17,1
23,0.7070147039960815,1
23,-0.7070147039960815,0
23,-0.35350735199804073,1
23,0.7070147039960815,1
23,2.2202575118935752e-17,1
23,0.7070147039960815,1
23,-0.35350735199804073,0
23,-0.7070147039960815,0
23,0.7070147039960815,0
23,2.2202575118935752e-17,0
23,0.7070147039960815,1
23,0.3535073519980406,1
23,0.3535073519980406,1
23,-0.7070147039960815,0
23,2.2202575118935752e-17,0
23,2.2202575118935752e-17,1
23,-0.35350735199804073,0
23,2.2202575118935752e-17,1
23,-0.7070147039960815,0
23,2.2202575118935752e-17,0
23,0.3535073519980406,1
23,-0.35350735199804073,0
23,0.3535073519980406,0
23,-0.35350735199804073,0
23,-0.35350735199804073,1
23,-0.7070147039960815,0
23,0.7070147039960815,1
23,0.7070147039960815,1
23,-0.7070147039960815,0
23,0.7070147039960815,1
23,-0.7070147039960815,0
23,0.3535073519980406,1
23,0.7070147039960815,1
23,0.3535073519980406,0
23,2.2202575118935752e-17,0
23,0.7070147039960815,1
23,-0.7070147039960815,0
24,2.2202575118935752e-17,0
24,0.3535073519980406,1
24,2.2202575118935752e-17,0
24,0.7070147039960815,1
24,2.2202575118935752e-17,0
24,-0.7070147039960815,0
24,0.3535073519980406,0
24,2.2202575118935752e-17,0
24,-0.35350735199804073,0
24,0.3535073519980406,0
24,2.2202575118935752e-17,0
24,0.3535073519980406,0
24,0.7070147039960815,0
24,-0.7070147039960815,0
24,-0.7070147039960815,0
24,0.3535073519980406,0
24,-0.35350735199804073,0
24,2.2202575118935752e-17,0
24,-0.35350735199804073,0
24,-0.35350735199804073,0
24,0.3535073519980406,0
24,2.2202575118935752e-17,0
24,2.2202575118935752e-17,1
24,0.7070147039960815,1
24,0.3535073519980406,1
24,0.7070147039960815,1
24,0.7070147039960815,0
24,-0.35350735199804073,0
24,-0.7070147039960815,0
24,-0.7070147039960815,0
24,0.7070147039960815,1
24,0.3535073519980406,0
24,0.7070147039960815,1
24,0.7070147039960815,1
24,2.2202575118935752e-17,0
24,-0.35350735199804073,0
24,0.7070147039960815,1
24,-0.7070147039960815,0
24,-0.35350735199804073,1
24,-0.35350735199804073,0
24,0.3535073519980406,0
24,0.3535073519980406,0
24,-0.7070147039960815,0
24,-0.7070147039960815,0
24,0.3535073519980406,0
24,-0.7070147039960815,0
24,0.7070147039960815,1
24,2.2202575118935752e-17,0
24,-0.35350735199804073,0
24,0.7070147039960815,1
24,0.3535073519980406,1
24,0.3535073519980406,1
24,-0.7070147039960815,0
24,-0.7070147039960815,0
24,2.2202575118935752e-17,0
24,0.3535073519980406,0
24,-0.35350735199804073,0
24,-0.35350735199804073,0
24,2.2202575118935752e-17,0
24,-0.7070147039960815,0
24,-0.7070147039960815,0
24,2.2202575118935752e-17,0
24,-0.7070147039960815,0
24,0.7070147039960815,1
24,-0.35350735199804073,0
24,-0.35350735199804073,0
24,2.2202575118935752e-17,0
24,-0.7070147039960815,0
24,-0.35350735199804073,0
24,-0.7070147039960815,0
24,-0.35350735199804073,0
24,2.2202575118935752e-17,0
24,0.3535073519980406,1
24,0.7070147039960815,0
24,-0.35350735199804073,0
24,0.7070147039960815,1
24,0.3535073519980406,0
24,2.2202575118935752e-17,0
24,0.3535073519980406,1
24,-0.35350735199804073,0
24,-0.35350735199804073,0
24,0.3535073519980406,0
24,2.2202575118935752e-17,0
24,0.7070147039960815,1
24,-0.7070147039960815,0
24,-0.35350735199804073,0
24,0.7070147039960815,1
24,2.2202575118935752e-17,0
24,0.7070147039960815,1
24,-0.35350735199804073,0
24,-0.7070147039960815,0
24,0.7070147039960815,1
24,2.2202575118935752e-17,1
24,0.7070147039960815,1
24,0.3535073519980406,1
24,0.3535073519980406,1
24,-0.7070147039960815,0
24,2.2202575118935752e-17,0
24,2.2202575118935752e-17,0
24,-0.35350735199804073,0
24,2.2202575118935752e-17,0
24,-0.7070147039960815,0
24,2.2202575118935752e-17,0
24,0.3535073519980406,0
24,-0.35350735199804073,0
24,0.3535073519980406,0
24,-0.35350735199804073,0
24,-0.35350735199804073,0
24,-0.7070147039960815,0
24,0.7070147039960815,1
24,0.7070147039960815,1
24,-0.7070147039960815,0
24,0.7070147039960815,1
24,-0.7070147039960815,0
24,0.3535073519980406,1
24,0.7070147039960815,1
24,0.3535073519980406,1
24,2.2202575118935752e-17,1
24,0.7070147039960815,1
24,-0.7070147039960815,0
26,2.2202575118935752e-17,1
26,0.3535073519980406,1
26,2.2202575118935752e-17,0
26,0.7070147039960815,1
26,2.2202575118935752e-17,0
26,-0.7070147039960815,0
26,0.3535073519980406,0
26,2.2202575118935752e-17,1
26,-0.35350735199804073,0
26,0.3535073519980406,1
26,2.2202575118935752e-17,0
26,0.3535073519980406,1
26,0.7070147039960815,1
26,-0.7070147039960815,0
26,-0.7070147039960815,1
26,0.3535073519980406,0
26,-0.35350735199804073,0
26,2.2202575118935752e-17,0
26,-0.35350735199804073,0
26,-0.35350735199804073,0
26,0.3535073519980406,0
26,2.2202575118935752e-17,1
26,2.2202575118935752e-17,0
26,0.7070147039960815,1
26,0.3535073519980406,1
26,0.7070147039960815,1
26,0.7070147039960815,1
26,-0.35350735199804073,0
26,-0.7070147039960815,0
26,-0.7070147039960815,0
26,0.7070147039960815,1
26,0.3535073519980406,0
26,0.7070147039960815,1
26,0.7070147039960815,1
26,2.2202575118935752e-17,0
26,-0.35350735199804073,0
26,0.7070147039960815,1
26,-0.7070147039960815,0
26,-0.35350735199804073,0
26,-0.35350735199804073,0
26,0.3535073519980406,1
26,0.3535073519980406,0
26,-0.7070147039960815,0
26,-0.7070147039960815,0
26,0.3535073519980406,0
26,-0.7070147039960815,0
26,0.7070147039960815,1
26,2.2202575118935752e-17,0
26,-0.35350735199804073,0
26,0.7070147039960815,1
26,0.3535073519980406,1
26,0.3535073519980406,0
26,-0.7070147039960815,0
26,-0.7070147039960815,0
26,2.2202575118935752e-17,0
26,0.3535073519980406,1
26,-0.35350735199804073,0
26,-0.35350735199804073,0
26,2.2202575118935752e-17,0
26,-0.7070147039960815,0
26,-0.7070147039960815,0
26,2.2202575118935752e-17,0
26,-0.7070147039960815,0
26,0.7070147039960815,1
26,-0.35350735199804073,0
26,-0.35350735199804073,0
26,2.2202575118935752e-17,1
26,-0.7070147039960815,0
26,-0.35350735199804073,1
26,-0.7070147039960815,0
26,-0.35350735199804073,0
26,2.2202575118935752e-17,0
26,0.3535073519980406,1
26,0.7070147039960815,1
26,-0.35350735199804073,0
26,0.7070147039960815,1
26,0.3535073519980406,1
26,2.2202575118935752e-17,0
26,0.3535073519980406,0
26,-0.35350735199804073,0
26,-0.35350735199804073,0
26,0.3535073519980406,0
26,2.2202575118935752e-17,0
26,0.7070147039960815,1
26,-0.7070147039960815,1
26,-0.35350735199804073,0
26,0.7070147039960815,0
26,2.2202575118935752e-17,0
26,0.7070147039960815,1
26,-0.35350735199804073,1
26,-0.7070147039960815,0
26,0.7070147039960815,1
26,2.2202575118935752e-17,0
26,0.7070147039960815,1
26,0.3535073519980406,1
26,0.3535073519980406,0
26,-0.7070147039960815,0
26,2.2202575118935752e-17,0
26,2.2202575118935752e-17,0
26,-0.35350735199804073,0
26,2.2202575118935752e-17,0
26,-0.7070147039960815,0
26,2.2202575118935752e-17,1
26,0.3535073519980406,1
26,-0.35350735199804073,1
26,0.3535073519980406,0
26,-0.35350735199804073,0
26,-0.35350735199804073,0
26,-0.7070147039960815,0
26,0.7070147039960815,1
26,0.7070147039960815,1
26,-0.7070147039960815,1
26,0.7070147039960815,1
26,-0.7070147039960815,0
26,0.3535073519980406,1
26,0.7070147039960815,1
26,0.3535073519980406,1
26,2.2202575118935752e-17,1
26,0.7070147039960815,1
26,-0.7070147039960815,0
27,2.2202575118935752e-17,0
27,0.3535073519980406,1
27,2.2202575118935752e-17,0
27,0.7070147039960815,1
27,2.2202575118935752e-17,0
27,-0.7070147039960815,0
27,0.3535073519980406,0
27,2.2202575118935752e-17,0
27,-0.35350735199804073,0
27,0.3535073519980406,1
27,2.2202575118935752e-17,1
27,0.3535073519980406,1
27,0.7070147039960815,1
27,-0.7070147039960815,0
27,-0.7070147039960815,0
27,0.3535073519980406,1
27,-0.35350735199804073,0
27,2.2202575118935752e-17,0
27,-0.35350735199804073,0
27,-0.35350735199804073,0
27,0.3535073519980406,1
27,2.2202575118935752e-17,0
27,2.2202575118935752e-17,0
27,0.7070147039960815,1
27,0.3535073519980406,1
27,0.7070147039960815,1
27,0.7070147039960815,0
27,-0.35350735199804073,0
27,-0.7070147039960815,0
27,-0.7070147039960815,0
27,0.7070147039960815,0
27,0.3535073519980406,0
27,0.7070147039960815,1
27,0.7070147039960815,1
27,2.2202575118935752e-17,0
27,-0.35350735199804073,0
27,0.7070147039960815,1
27,-0.7070147039960815,0
27,-0.35350735199804073,0
27,-0.35350735199804073,0
27,0.3535073519980406,1
27,0.3535073519980406,0
27,-0.7070147039960815,0
27,-0.7070147039960815,0
27,0.3535073519980406,1
27,-0.7070147039960815,0
27,0.7070147039960815,0
27,2.2202575118935752e-17,0
27,-0.35350735199804073,0
27,0.7070147039960815,1
27,0.3535073519980406,1
27,0.3535073519980406,0
27,-0.7070147039960815,0
27,-0.7070147039960815,0
27,2.2202575118935752e-17,0
27,0.3535073519980406,1
27,-0.35350735199804073,0
27,-0.35350735199804073,0
27,2.2202575118935752e-17,0
27,-0.7070147039960815,0
27,-0.7070147039960815,0
27,2.2202575118935752e-17,0
27,-0.7070147039960815,0
27,0.7070147039960815,0
27,-0.35350735199804073,0
27,-0.35350735199804073,0
27,2.2202575118935752e-17,0
27,-0.7070147039960815,0
27,-0.35350735199804073,0
27,-0.7070147039960815,0
27,-0.35350735199804073,0
27,2.2202575118935752e-17,0
27,0.3535073519980406,1
27,0.7070147039960815,0
27,-0.35350735199804073,0
27,0.7070147039960815,1
27,0.3535073519980406,1
27,2.2202575118935752e-17,0
27,0.3535073519980406,1
27,-0.35350735199804073,0
27,-0.35350735199804073,0
27,0.3535073519980406,1
27,2.2202575118935752e-17,0
27,0.7070147039960815,1
27,-0.7070147039960815,0
27,-0.35350735199804073,0
27,0.7070147039960815,1
27,2.2202575118935752e-17,0
27,0.7070147039960815,1
27,-0.35350735199804073,0
27,-0.7070147039960815,0
27,0.7070147039960815,0
27,2.2202575118935752e-17,1
27,0.7070147039960815,1
27,0.3535073519980406,1
27,0.3535073519980406,0
27,-0.7070147039960815,0
27,2.2202575118935752e-17,1
27,2.2202575118935752e-17,1
27,-0.35350735199804073,0
27,2.2202575118935752e-17,0
27,-0.7070147039960815,0
27,2.2202575118935752e-17,0
27,0.3535073519980406,1
27,-0.35350735199804073,0
27,0.3535073519980406,0
27,-0.35350735199804073,0
27,-0.35350735199804073,0
27,-0.7070147039960815,0
27,0.7070147039960815,0
27,0.7070147039960815,1
27,-0.7070147039960815,0
27,0.7070147039960815,1
27,-0.7070147039960815,0
27,0.3535073519980406,1
27,0.7070147039960815,0
27,0.3535073519980406,0
27,2.2202575118935752e-17,0
27,0.7070147039960815,1
27,-0.7070147039960815,0
28,2.2202575118935752e-17,1
28,0.3535073519980406,1
28,2.2202575118935752e-17,0
28,0.7070147039960815,1
28,2.2202575118935752e-17,0
28,-0.7070147039960815,1
28,0.3535073519980406,1
28,2.2202575118935752e-17,1
28,-0.35350735199804073,1
28,0.3535073519980406,1
28,2.2202575118935752e-17,1
28,0.3535073519980406,1
28,0.7070147039960815,1
28,-0.7070147039960815,0
28,-0.7070147039960815,0
28,0.3535073519980406,1
28,-0.35350735199804073,1
28,2.2202575118935752e-17,1
28,-0.35350735199804073,0
28,-0.35350735199804073,0
28,0.3535073519980406,0
28,2.2202575118935752e-17,1
28,2.2202575118935752e-17,1
28,0.7070147039960815,1
28,0.3535073519980406,1
28,0.7070147039960815,1
28,0.7070147039960815,1
28,-0.35350735199804073,0
28,-0.7070147039960815,0
28,-0.7070147039960815,0
28,0.7070147039960815,1
28,0.3535073519980406,1
28,0.7070147039960815,0
28,0.7070147039960815,1
28,2.2202575118935752e-17,1
28,-0.35350735199804073,1
28,0.7070147039960815,1
28,-0.7070147039960815,0
28,-0.35350735199804073,0
28,-0.35350735199804073,0
28,0.3535073519980406,1
28,0.3535073519980406,1
28,-0.7070147039960815,0
28,-0.7070147039960815,0
28,0.3535073519980406,1
28,-0.7070147039960815,0
28,0.7070147039960815,0
28,2.2202575118935752e-17,1
28,-0.35350735199804073,0
28,0.7070147039960815,1
28,0.3535073519980406,0
28,0.3535073519980406,1
28,-0.7070147039960815,0
28,-0.7070147039960815,0
28,2.2202575118935752e-17,1
28,0.3535073519980406,1
28,-0.35350735199804073,0
28,-0.35350735199804073,1
28,2.2202575118935752e-17,0
28,-0.7070147039960815,0
28,-0.7070147039960815,1
28,2.2202575118935752e-17,0
28,-0.7070147039960815,0
28,0.7070147039960815,0
28,-0.35350735199804073,0
28,-0.35350735199804073,0
28,2.2202575118935752e-17,0
28,-0.7070147039960815,0
28,-0.35350735199804073,0
28,-0.7070147039960815,0
28,-0.35350735199804073,0
28,2.2202575118935752e-17,1
28,0.3535073519980406,0
28,0.7070147039960815,1
28,-0.35350735199804073,0
28,0.7070147039960815,1
28,0.3535073519980406,1
28,2.2202575118935752e-17,0
28,0.3535073519980406,1
28,-0.35350735199804073,0
28,-0.35350735199804073,0
28,0.3535073519980406,0
28,2.2202575118935752e-17,1
28,0.7070147039960815,1
28,-0.7070147039960815,0
28,-0.35350735199804073,0
28,0.7070147039960815,0
28,2.2202575118935752e-17,0
28,0.7070147039960815,1
28,-0.35350735199804073,0
28,-0.7070147039960815,0
28,0.7070147039960815,1
28,2.2202575118935752e-17,1
28,0.7070147039960815,1
28,0.3535073519980406,1
28,0.3535073519980406,1
28,-0.7070147039960815,0
28,2.2202575118935752e-17,0
28,2.2202575118935752e-17,0
28,-0.35350735199804073,0
28,2.2202575118935752e-17,1
28,-0.7070147039960815,0
28,2.2202575118935752e-17,1
28,0.3535073519980406,0
28,-0.35350735199804073,1
28,0.3535073519980406,1
28,-0.35350735199804073,0
28,-0.35350735199804073,0
28,-0.7070147039960815,0
28,0.7070147039960815,1
28,0.7070147039960815,1
28,-0.7070147039960815,0
28,0.7070147039960815,1
28,-0.7070147039960815,0
28,0.3535073519980406,1
28,0.7070147039960815,1
28,0.3535073519980406,1
28,2.2202575118935752e-17,0
28,0.7070147039960815,0
28,-0.7070147039960815,0
29,2.2202575118935752e-17,1
29,0.3535073519980406,1
29,2.2202575118935752e-17,1
29,0.7070147039960815,1
29,2.2202575118935752e-17,0
29,-0.7070147039960815,0
29,0.3535073519980406,1
29,2.2202575118935752e-17,0
29,-0.35350735199804073,0
29,0.3535073519980406,1
29,2.2202575118935752e-17,1
29,0.3535073519980406,1
29,0.7070147039960815,1
29,-0.7070147039960815,0
29,-0.7070147039960815,0
29,0.3535073519980406,1
29,-0.35350735199804073,0
29,2.2202575118935752e-17,1
29,-0.35350735199804073,1
29,-0.35350735199804073,0
29,0.3535073519980406,0
29,2.2202575118935752e-17,1
29,2.2202575118935752e-17,1
29,0.7070147039960815,1
29,0.3535073519980406,0
29,0.7070147039960815,1
29,0.7070147039960815,1
29,-0.35350735199804073,1
29,-0.7070147039960815,0
29,-0.7070147039960815,0
29,0.7070147039960815,1
29,0.3535073519980406,0
29,0.7070147039960815,1
29,0.7070147039960815,0
29,2.2202575118935752e-17,1
29,-0.35350735199804073,0
29,0.7070147039960815,1
29,-0.7070147039960815,0
29,-0.35350735199804073,0
29,-0.35350735199804073,0
29,0.3535073519980406,1
29,0.3535073519980406,1
29,-0.7070147039960815,0
29,-0.7070147039960815,0
29,0.3535073519980406,1
29,-0.7070147039960815,1
29,0.7070147039960815,1
29,2.2202575118935752e-17,0
29,-0.35350735199804073,1
29,0.7070147039960815,1
29,0.3535073519980406,1
29,0.3535073519980406,1
29,-0.7070147039960815,0
29,-0.7070147039960815,0
29,2.2202575118935752e-17,0
29,0.3535073519980406,1
29,-0.35350735199804073,0
29,-0.35350735199804073,0
29,2.2202575118935752e-17,1
29,-0.7070147039960815,0
29,-0.7070147039960815,1
29,2.2202575118935752e-17,1
29,-0.7070147039960815,0
29,0.7070147039960815,1
29,-0.35350735199804073,0
29,-0.35350735199804073,1
29,2.2202575118935752e-17,0
29,-0.7070147039960815,0
29,-0.35350735199804073,0
29,-0.7070147039960815,0
29,-0.35350735199804073,0
29,2.2202575118935752e-17,0
29,0.3535073519980406,0
29,0.7070147039960815,0
29,-0.35350735199804073,0
29,0.7070147039960815,1
29,0.3535073519980406,1
29,2.2202575118935752e-17,1
29,0.3535073519980406,0
29,-0.35350735199804073,0
29,-0.35350735199804073,0
29,0.3535073519980406,0
29,2.2202575118935752e-17,0
29,0.7070147039960815,1
29,-0.7070147039960815,0
29,-0.35350735199804073,0
29,0.7070147039960815,1
29,2.2202575118935752e-17,1
29,0.7070147039960815,1
29,-0.35350735199804073,0
29,-0.7070147039960815,0
29,0.7070147039960815,1
29,2.2202575118935752e-17,0
29,0.7070147039960815,1
29,0.3535073519980406,1
29,0.3535073519980406,1
29,-0.7070147039960815,0
29,2.2202575118935752e-17,1
29,2.2202575118935752e-17,0
29,-0.35350735199804073,0
29,2.2202575118935752e-17,1
29,-0.7070147039960815,1
29,2.2202575118935752e-17,0
29,0.3535073519980406,1
29,-0.35350735199804073,0
29,0.3535073519980406,1
29,-0.35350735199804073,0
29,-0.35350735199804073,0
29,-0.7070147039960815,0
29,0.7070147039960815,1
29,0.7070147039960815,1
29,-0.7070147039960815,1
29,0.7070147039960815,1
29,-0.7070147039960815,0
29,0.3535073519980406,1
29,0.7070147039960815,1
29,0.3535073519980406,1
29,2.2202575118935752e-17,0
29,0.7070147039960815,1
29,-0.7070147039960815,0
30,2.2202575118935752e-17,0
30,0.3535073519980406,1
30,2.2202575118935752e-17,1
30,0.7070147039960815,1
30,2.2202575118935752e-17,1
30,-0.7070147039960815,1
30,0.3535073519980406,1
30,2.2202575118935752e-17,0
30,-0.35350735199804073,0
30,0.3535073519980406,1
30,2.2202575118935752e-17,1
30,0.3535073519980406,1
30,0.7070147039960815,1
30,-0.7070147039960815,0
30,-0.7070147039960815,0
30,0.3535073519980406,1
30,-0.35350735199804073,0
30,2.2202575118935752e-17,1
30,-0.35350735199804073,1
30,-0.35350735199804073,0
30,0.3535073519980406,0
30,2.2202575118935752e-17,1
30,2.2202575118935752e-17,1
30,0.7070147039960815,1
30,0.3535073519980406,1
30,0.7070147039960815,1
30,0.7070147039960815,1
30,-0.35350735199804073,0
30,-0.7070147039960815,0
30,-0.7070147039960815,0
30,0.7070147039960815,1
30,0.3535073519980406,1
30,0.7070147039960815,1
30,0.7070147039960815,1
30,2.2202575118935752e-17,0
30,-0.35350735199804073,0
30,0.7070147039960815,1
30,-0.7070147039960815,0
30,-0.35350735199804073,0
30,-0.35350735199804073,0
30,0.3535073519980406,1
30,0.3535073519980406,1
30,-0.7070147039960815,0
30,-0.7070147039960815,0
30,0.3535073519980406,1
30,-0.7070147039960815,0
30,0.7070147039960815,1
30,2.2202575118935752e-17,1
30,-0.35350735199804073,0
30,0.7070147039960815,1
30,0.3535073519980406,1
30,0.3535073519980406,1
30,-0.7070147039960815,0
30,-0.7070147039960815,0
30,2.2202575118935752e-17,0
30,0.3535073519980406,1
30,-0.35350735199804073,0
30,-0.35350735199804073,0
30,2.2202575118935752e-17,1
30,-0.7070147039960815,0
30,-0.7070147039960815,0
30,2.2202575118935752e-17,1
30,-0.7070147039960815,0
30,0.7070147039960815,1
30,-0.35350735199804073,0
30,-0.35350735199804073,0
30,2.2202575118935752e-17,1
30,-0.7070147039960815,0
30,-0.35350735199804073,0
30,-0.7070147039960815,0
30,-0.35350735199804073,0
30,2.2202575118935752e-17,1
30,0.3535073519980406,1
30,0.7070147039960815,1
30,-0.35350735199804073,0
30,0.7070147039960815,1
30,0.3535073519980406,1
30,2.2202575118935752e-17,0
30,0.3535073519980406,0
30,-0.35350735199804073,0
30,-0.35350735199804073,0
30,0.3535073519980406,0
30,2.2202575118935752e-17,0
30,0.7070147039960815,1
30,-0.7070147039960815,0
30,-0.35350735199804073,0
30,0.7070147039960815,1
30,2.2202575118935752e-17,1
30,0.7070147039960815,1
30,-0.35350735199804073,0
30,-0.7070147039960815,0
30,0.7070147039960815,1
30,2.2202575118935752e-17,0
30,0.7070147039960815,1
30,0.3535073519980406,1
30,0.3535073519980406,1
30,-0.7070147039960815,0
30,2.2202575118935752e-17,0
30,2.2202575118935752e-17,1
30,-0.35350735199804073,0
30,2.2202575118935752e-17,1
30,-0.7070147039960815,0
30,2.2202575118935752e-17,1
30,0.3535073519980406,1
30,-0.35350735199804073,1
30,0.3535073519980406,1
30,-0.35350735199804073,0
30,-0.35350735199804073,0
30,-0.7070147039960815,0
30,0.7070147039960815,1
30,0.7070147039960815,0
30,-0.7070147039960815,0
30,0.7070147039960815,1
30,-0.7070147039960815,0
30,0.3535073519980406,1
30,0.7070147039960815,1
30,0.3535073519980406,1
30,2.2202575118935752e-17,1
30,0.7070147039960815,1
30,-0.7070147039960815,0
31,2.2202575118935752e-17,1
31,0.3535073519980406,1
31,2.2202575118935752e-17,1
31,0.7070147039960815,1
31,2.2202575118935752e-17,0
31,-0.7070147039960815,0
31,0.3535073519980406,1
31,2.2202575118935752e-17,0
31,-0.35350735199804073,0
31,0.3535073519980406,1
31,2.2202575118935752e-17,0
31,0.3535073519980406,1
31,0.7070147039960815,1
31,-0.7070147039960815,0
31,-0.7070147039960815,0
31,0.3535073519980406,1
31,-0.35350735199804073,0
31,2.2202575118935752e-17,0
31,-0.35350735199804073,0
31,-0.35350735199804073,0
31,0.3535073519980406,1
31,2.2202575118935752e-17,0
31,2.2202575118935752e-17,0
31,0.7070147039960815,1
31,0.3535073519980406,0
31,0.7070147039960815,1
31,0.7070147039960815,1
31,-0.35350735199804073,0
31,-0.7070147039960815,0
31,-0.7070147039960815,0
31,0.7070147039960815,1
31,0.3535073519980406,1
31,0.7070147039960815,1
31,0.7070147039960815,0
31,2.2202575118935752e-17,0
31,-0.35350735199804073,0
31,0.7070147039960815,1
31,-0.7070147039960815,0
31,-0.35350735199804073,0
31,-0.35350735199804073,0
31,0.3535073519980406,1
31,0.3535073519980406,1
31,-0.7070147039960815,0
31,-0.7070147039960815,0
31,0.3535073519980406,1
31,-0.7070147039960815,0
31,0.7070147039960815,1
31,2.2202575118935752e-17,0
31,-0.35350735199804073,0
31,0.7070147039960815,1
31,0.3535073519980406,0
31,0.3535073519980406,1
31,-0.7070147039960815,0
31,-0.7070147039960815,0
31,2.2202575118935752e-17,0
31,0.3535073519980406,1
31,-0.35350735199804073,0
31,-0.35350735199804073,0
31,2.2202575118935752e-17,0
31,-0.7070147039960815,0
31,-0.7070147039960815,0
31,2.2202575118935752e-17,0
31,-0.7070147039960815,0
31,0.7070147039960815,1
31,-0.35350735199804073,0
31,-0.35350735199804073,0
31,2.2202575118935752e-17,0
31,-0.7070147039960815,0
31,-0.35350735199804073,0
31,-0.7070147039960815,0
31,-0.35350735199804073,0
31,2.2202575118935752e-17,1
31,0.3535073519980406,1
31,0.7070147039960815,1
31,-0.35350735199804073,0
31,0.7070147039960815,1
31,0.3535073519980406,1
31,2.2202575118935752e-17,0
31,0.3535073519980406,0
31,-0.35350735199804073,0
31,-0.35350735199804073,0
31,0.3535073519980406,0
31,2.2202575118935752e-17,0
31,0.7070147039960815,1
31,-0.7070147039960815,0
31,-0.35350735199804073,0
31,0.7070147039960815,1
31,2.2202575118935752e-17,0
31,0.7070147039960815,1
31,-0.35350735199804073,0
31,-0.7070147039960815,0
31,0.7070147039960815,1
31,2.2202575118935752e-17,0
31,0.7070147039960815,1
31,0.3535073519980406,1
31,0.3535073519980406,0
31,-0.7070147039960815,0
31,2.2202575118935752e-17,0
31,2.2202575118935752e-17,0
31,-0.35350735199804073,0
31,2.2202575118935752e-17,0
31,-0.7070147039960815,0
31,2.2202575118935752e-17,0
31,0.3535073519980406,0
31,-0.35350735199804073,0
31,0.3535073519980406,1
31,-0.35350735199804073,0
31,-0.35350735199804073,0
31,-0.7070147039960815,0
31,0.7070147039960815,1
31,0.7070147039960815,1
31,-0.7070147039960815,0
31,0.7070147039960815,1
31,-0.7070147039960815,0
31,0.3535073519980406,1
31,0.7070147039960815,1
31,0.3535073519980406,0
31,2.2202575118935752e-17,0
31,0.7070147039960815,1
31,-0.7070147039960815,0
32,2.2202575118935752e-17,0
32,0.3535073519980406,1
32,2.2202575118935752e-17,0
32,0.7070147039960815,1
32,2.2202575118935752e-17,0
32,-0.7070147039960815,0
32,0.3535073519980406,1
32,2.2202575118935752e-17,1
32,-0.35350735199804073,0
32,0.3535073519980406,1
32,2.2202575118935752e-17,1
32,0.3535073519980406,1
32,0.7070147039960815,1
32,-0.7070147039960815,0
32,-0.7070147039960815,0
32,0.3535073519980406,1
32,-0.35350735199804073,0
32,2.2202575118935752e-17,1
32,-0.35350735199804073,0
32,-0.35350735199804073,0
32,0.3535073519980406,1
32,2.2202575118935752e-17,1
32,2.2202575118935752e-17,1
32,0.7070147039960815,1
32,0.3535073519980406,1
32,0.7070147039960815,1
32,0.7070147039960815,1
32,-0.35350735199804073,0
32,-0.7070147039960815,0
32,-0.7070147039960815,0
32,0.7070147039960815,1
32,0.3535073519980406,1
32,0.7070147039960815,1
32,0.7070147039960815,1
32,2.2202575118935752e-17,0
32,-0.35350735199804073,0
32,0.7070147039960815,1
32,-0.7070147039960815,0
32,-0.35350735199804073,0
32,-0.35350735199804073,0
32,0.3535073519980406,1
32,0.3535073519980406,0
32,-0.7070147039960815,0
32,-0.7070147039960815,0
32,0.3535073519980406,1
32,-0.7070147039960815,0
32,0.7070147039960815,1
32,2.2202575118935752e-17,0
32,-0.35350735199804073,0
32,0.7070147039960815,1
32,0.3535073519980406,1
32,0.3535073519980406,1
32,-0.7070147039960815,0
32,-0.7070147039960815,0
32,2.2202575118935752e-17,1
32,0.3535073519980406,1
32,-0.35350735199804073,0
32,-0.35350735199804073,0
32,2.2202575118935752e-17,1
32,-0.7070147039960815,0
32,-0.7070147039960815,0
32,2.2202575118935752e-17,1
32,-0.7070147039960815,0
32,0.7070147039960815,1
32,-0.35350735199804073,0
32,-0.35350735199804073,0
32,2.2202575118935752e-17,0
32,-0.7070147039960815,0
32,-0.35350735199804073,0
32,-0.7070147039960815,0
32,-0.35350735199804073,0
32,2.2202575118935752e-17,1
32,0.3535073519980406,0
32,0.7070147039960815,1
32,-0.35350735199804073,0
32,0.7070147039960815,1
32,0.3535073519980406,1
32,2.2202575118935752e-17,1
32,0.3535073519980406,1
32,-0.35350735199804073,0
32,-0.35350735199804073,0
32,0.3535073519980406,1
32,2.2202575118935752e-17,1
32,0.7070147039960815,1
32,-0.7070147039960815,0
32,-0.35350735199804073,0
32,0.7070147039960815,1
32,2.2202575118935752e-17,1
32,0.7070147039960815,1
32,-0.35350735199804073,0
32,-0.7070147039960815,0
32,0.7070147039960815,1
32,2.2202575118935752e-17,1
32,0.7070147039960815,1
32,0.3535073519980406,1
32,0.3535073519980406,1
32,-0.7070147039960815,0
32,2.2202575118935752e-17,0
32,2.2202575118935752e-17,0
32,-0.35350735199804073,0
32,2.2202575118935752e-17,1
32,-0.7070147039960815,0
32,2.2202575118935752e-17,1
32,0.3535073519980406,1
32,-0.35350735199804073,0
32,0.3535073519980406,1
32,-0.35350735199804073,0
32,-0.35350735199804073,0
32,-0.7070147039960815,0
32,0.7070147039960815,1
32,0.7070147039960815,1
32,-0.7070147039960815,0
32,0.7070147039960815,1
32,-0.7070147039960815,0
32,0.3535073519980406,1
32,0.7070147039960815,1
32,0.3535073519980406,1
32,2.2202575118935752e-17,0
32,0.7070147039960815,1
32,-0.7070147039960815,0
33,2.2202575118935752e-17,1
33,0.3535073519980406,1
33,2.2202575118935752e-17,1
33,0.7070147039960815,1
33,2.2202575118935752e-17,0
33,-0.7070147039960815,0
33,0.3535073519980406,1
33,2.2202575118935752e-17,1
33,-0.35350735199804073,1
33,0.3535073519980406,1
33,2.2202575118935752e-17,1
33,0.3535073519980406,1
33,0.7070147039960815,0
33,-0.7070147039960815,0
33,-0.7070147039960815,0
33,0.3535073519980406,1
33,-0.35350735199804073,0
33,2.2202575118935752e-17,0
33,-0.35350735199804073,0
33,-0.35350735199804073,0
33,0.3535073519980406,1
33,2.2202575118935752e-17,0
33,2.2202575118935752e-17,0
33,0.7070147039960815,1
33,0.3535073519980406,0
33,0.7070147039960815,1
33,0.7070147039960815,1
33,-0.35350735199804073,0
33,-0.7070147039960815,0
33,-0.7070147039960815,0
33,0.7070147039960815,1
33,0.3535073519980406,1
33,0.7070147039960815,1
33,0.7070147039960815,1
33,2.2202575118935752e-17,0
33,-0.35350735199804073,0
33,0.7070147039960815,1
33,-0.7070147039960815,0
33,-0.35350735199804073,0
33,-0.35350735199804073,0
33,0.3535073519980406,1
33,0.3535073519980406,0
33,-0.7070147039960815,0
33,-0.7070147039960815,0
33,0.3535073519980406,1
33,-0.7070147039960815,0
33,0.7070147039960815,1
33,2.2202575118935752e-17,1
33,-0.35350735199804073,0
33,0.7070147039960815,1
33,0.3535073519980406,1
33,0.3535073519980406,1
33,-0.7070147039960815,0
33,-0.7070147039960815,0
33,2.2202575118935752e-17,0
33,0.3535073519980406,1
33,-0.35350735199804073,0
33,-0.35350735199804073,0
33,2.2202575118935752e-17,1
33,-0.7070147039960815,0
33,-0.7070147039960815,0
33,2.2202575118935752e-17,0
33,-0.7070147039960815,0
33,0.7070147039960815,1
33,-0.35350735199804073,0
33,-0.35350735199804073,1
33,2.2202575118935752e-17,0
33,-0.7070147039960815,0
33,-0.35350735199804073,0
33,-0.7070147039960815,0
33,-0.35350735199804073,0
33,2.2202575118935752e-17,0
33,0.3535073519980406,1
33,0.7070147039960815,1
33,-0.35350735199804073,0
33,0.7070147039960815,1
33,0.3535073519980406,0
33,2.2202575118935752e-17,0
33,0.3535073519980406,1
33,-0.35350735199804073,0
33,-0.35350735199804073,0
33,0.3535073519980406,1
33,2.2202575118935752e-17,1
33,0.7070147039960815,1
33,-0.7070147039960815,0
33,-0.35350735199804073,0
33,0.7070147039960815,1
33,2.2202575118935752e-17,1
33,0.7070147039960815,1
33,-0.35350735199804073,0
33,-0.7070147039960815,0
33,0.7070147039960815,1
33,2.2202575118935752e-17,0
33,0.7070147039960815,1
33,0.3535073519980406,1
33,0.3535073519980406,1
33,-0.7070147039960815,0
33,2.2202575118935752e-17,0
33,2.2202575118935752e-17,1
33,-0.35350735199804073,0
33,2.2202575118935752e-17,0
33,-0.7070147039960815,0
33,2.2202575118935752e-17,1
33,0.3535073519980406,1
33,-0.35350735199804073,1
33,0.3535073519980406,0
33,-0.35350735199804073,0
33,-0.35350735199804073,0
33,-0.7070147039960815,0
33,0.7070147039960815,1
33,0.7070147039960815,1
33,-0.7070147039960815,0
33,0.7070147039960815,1
33,-0.7070147039960815,0
33,0.3535073519980406,0
33,0.7070147039960815,1
33,0.3535073519980406,0
33,2.2202575118935752e-17,0
33,0.7070147039960815,1
33,-0.7070147039960815,0
34,2.2202575118935752e-17,0
34,0.3535073519980406,1
34,2.2202575118935752e-17,0
34,0.7070147039960815,1
34,2.2202575118935752e-17,0
34,-0.7070147039960815,0
34,0.3535073519980406,0
34,2.2202575118935752e-17,0
34,-0.35350735199804073,0
34,0.3535073519980406,1
34,2.2202575118935752e-17,0
34,0.3535073519980406,1
34,0.7070147039960815,0
34,-0.7070147039960815,0
34,-0.7070147039960815,0
34,0.3535073519980406,1
34,-0.35350735199804073,1
34,2.2202575118935752e-17,0
34,-0.35350735199804073,0
34,-0.35350735199804073,0
34,0.3535073519980406,0
34,2.2202575118935752e-17,0
34,2.2202575118935752e-17,0
34,0.7070147039960815,1
34,0.3535073519980406,0
34,0.7070147039960815,0
34,0.7070147039960815,1
34,-0.35350735199804073,0
34,-0.7070147039960815,0
34,-0.7070147039960815,0
34,0.7070147039960815,1
34,0.3535073519980406,1
34,0.7070147039960815,0
34,0.7070147039960815,1
34,2.2202575118935752e-17,0
34,-0.35350735199804073,0
34,0.7070147039960815,1
34,-0.7070147039960815,0
34,-0.35350735199804073,0
34,-0.35350735199804073,0
34,0.3535073519980406,0
34,0.3535073519980406,0
34,-0.7070147039960815,0
34,-0.7070147039960815,0
34,0.3535073519980406,0
34,-0.7070147039960815,0
34,0.7070147039960815,1
34,2.2202575118935752e-17,0
34,-0.35350735199804073,0
34,0.7070147039960815,0
34,0.3535073519980406,0
34,0.3535073519980406,1
34,-0.7070147039960815,0
34,-0.7070147039960815,0
34,2.2202575118935752e-17,0
34,0.3535073519980406,0
34,-0.35350735199804073,0
34,-0.35350735199804073,0
34,2.2202575118935752e-17,0
34,-0.7070147039960815,0
34,-0.7070147039960815,0
34,2.2202575118935752e-17,0
34,-0.7070147039960815,0
34,0.7070147039960815,1
34,-0.35350735199804073,0
34,-0.35350735199804073,0
34,2.2202575118935752e-17,0
34,-0.7070147039960815,0
34,-0.35350735199804073,0
34,-0.7070147039960815,0
34,-0.35350735199804073,0
34,2.2202575118935752e-17,1
34,0.3535073519980406,1
34,0.7070147039960815,1
34,-0.35350735199804073,0
34,0.7070147039960815,1
34,0.3535073519980406,1
34,2.2202575118935752e-17,0
34,0.3535073519980406,0
34,-0.35350735199804073,0
34,-0.35350735199804073,0
34,0.3535073519980406,1
34,2.2202575118935752e-17,0
34,0.7070147039960815,1
34,-0.7070147039960815,0
34,-0.35350735199804073,0
34,0.7070147039960815,1
34,2.2202575118935752e-17,0
34,0.7070147039960815,1
34,-0.35350735199804073,0
34,-0.7070147039960815,0
34,0.7070147039960815,1
34,2.2202575118935752e-17,1
34,0.7070147039960815,1
34,0.3535073519980406,1
34,0.3535073519980406,0
34,-0.7070147039960815,0
34,2.2202575118935752e-17,0
34,2.2202575118935752e-17,0
34,-0.35350735199804073,0
34,2.2202575118935752e-17,0
34,-0.7070147039960815,0
34,2.2202575118935752e-17,0
34,0.3535073519980406,1
34,-0.35350735199804073,0
34,0.3535073519980406,0
34,-0.35350735199804073,0
34,-0.35350735199804073,0
34,-0.7070147039960815,0
34,0.7070147039960815,1
34,0.7070147039960815,1
34,-0.7070147039960815,0
34,0.7070147039960815,1
34,-0.7070147039960815,0
34,0.3535073519980406,1
34,0.7070147039960815,1
34,0.3535073519980406,0
34,2.2202575118935752e-17,0
34,0.7070147039960815,1
34,-0.7070147039960815,0
35,2.2202575118935752e-17,0
35,0.3535073519980406,1
35,2.2202575118935752e-17,0
35,0.7070147039960815,1
35,2.2202575118935752e-17,0
35,-0.7070147039960815,0
35,0.3535073519980406,1
35,2.2202575118935752e-17,0
35,-0.35350735199804073,0
35,0.3535073519980406,1
35,2.2202575118935752e-17,1
35,0.3535073519980406,1
35,0.7070147039960815,1
35,-0.7070147039960815,0
35,-0.7070147039960815,0
35,0.3535073519980406,0
35,-0.35350735199804073,0
35,2.2202575118935752e-17,0
35,-0.35350735199804073,0
35,-0.35350735199804073,0
35,0.3535073519980406,0
35,2.2202575118935752e-17,1
35,2.2202575118935752e-17,0
35,0.7070147039960815,0
35,0.3535073519980406,0
35,0.7070147039960815,1
35,0.7070147039960815,1
35,-0.35350735199804073,0
35,-0.7070147039960815,0
35,-0.7070147039960815,0
35,0.7070147039960815,1
35,0.3535073519980406,0
35,0.7070147039960815,1
35,0.7070147039960815,1
35,2.2202575118935752e-17,0
35,-0.35350735199804073,0
35,0.7070147039960815,1
35,-0.7070147039960815,0
35,-0.35350735199804073,0
35,-0.35350735199804073,0
35,0.3535073519980406,1
35,0.3535073519980406,1
35,-0.7070147039960815,0
35,-0.7070147039960815,0
35,0.3535073519980406,1
35,-0.7070147039960815,0
35,0.7070147039960815,1
35,2.2202575118935752e-17,0
35,-0.35350735199804073,0
35,0.7070147039960815,1
35,0.3535073519980406,1
35,0.3535073519980406,1
35,-0.7070147039960815,0
35,-0.7070147039960815,0
35,2.2202575118935752e-17,0
35,0.3535073519980406,1
35,-0.35350735199804073,0
35,-0.35350735199804073,0
35,2.2202575118935752e-17,0
35,-0.7070147039960815,0
35,-0.7070147039960815,0
35,2.2202575118935752e-17,0
35,-0.7070147039960815,0
35,0.7070147039960815,1
35,-0.35350735199804073,1
35,-0.35350735199804073,0
35,2.2202575118935752e-17,0
35,-0.7070147039960815,0
35,-0.35350735199804073,0
35,-0.7070147039960815,0
35,-0.35350735199804073,0
35,2.2202575118935752e-17,0
35,0.3535073519980406,1
35,0.7070147039960815,0
35,-0.35350735199804073,0
35,0.7070147039960815,1
35,0.3535073519980406,1
35,2.2202575118935752e-17,0
35,0.3535073519980406,0
35,-0.35350735199804073,0
35,-0.35350735199804073,0
35,0.3535073519980406,0
35,2.2202575118935752e-17,0
35,0.7070147039960815,1
35,-0.7070147039960815,0
35,-0.35350735199804073,0
35,0.7070147039960815,1
35,2.2202575118935752e-17,0
35,0.7070147039960815,1
35,-0.35350735199804073,0
35,-0.7070147039960815,0
35,0.7070147039960815,1
35,2.2202575118935752e-17,0
35,0.7070147039960815,1
35,0.3535073519980406,1
35,0.3535073519980406,0
35,-0.7070147039960815,0
35,2.2202575118935752e-17,0
35,2.2202575118935752e-17,0
35,-0.35350735199804073,0
35,2.2202575118935752e-17,0
35,-0.7070147039960815,0
35,2.2202575118935752e-17,0
35,0.3535073519980406,0
35,-0.35350735199804073,1
35,0.3535073519980406,0
35,-0.35350735199804073,0
35,-0.35350735199804073,0
35,-0.7070147039960815,0
35,0.7070147039960815,1
35,0.7070147039960815,1
35,-0.7070147039960815,0
35,0.7070147039960815,1
35,-0.7070147039960815,0
35,0.3535073519980406,1
35,0.7070147039960815,1
35,0.3535073519980406,1
35,2.2202575118935752e-17,0
35,0.7070147039960815,1
35,-0.7070147039960815,0
