subjectIx,trial_alt,t_d,r_bi
0,SSS,0,1
0,SSS,0.35353804506100256,0
0,SSS,0,0
0,SSS,0.7070760901220053,1
0,SSS,0,0
0,SSS,-0.7070760901220053,0
0,SSS,0.35353804506100256,0
0,SSS,0,0
0,SSS,-0.35353804506100267,0
0,SSS,0.35353804506100256,1
0,SSS,0,1
0,SSS,0.35353804506100256,1
0,SSS,0.7070760901220053,1
0,SSS,-0.7070760901220053,0
0,SSS,-0.7070760901220053,0
0,SSS,0.35353804506100256,0
0,SSS,-0.35353804506100267,0
0,SSS,0,0
0,SSS,-0.35353804506100267,0
0,SSS,-0.35353804506100267,0
0,SSS,0.35353804506100256,0
0,SSS,0,0
0,SSS,0,1
0,SSS,0.7070760901220053,1
0,SSS,0.35353804506100256,1
0,SSS,0.7070760901220053,1
0,SSS,0.7070760901220053,1
0,SSS,-0.35353804506100267,0
0,SSS,-0.7070760901220053,0
0,SSS,-0.7070760901220053,0
0,SSS,0.7070760901220053,1
0,SSS,0.35353804506100256,1
0,SSS,0.7070760901220053,0
0,SSS,0.7070760901220053,1
0,SSS,0,0
0,SSS,-0.35353804506100267,0
0,SSS,0.7070760901220053,1
0,SSS,-0.7070760901220053,0
0,SSS,-0.35353804506100267,0
0,SSS,-0.35353804506100267,0
0,SSS,0.35353804506100256,1
0,SSS,0.35353804506100256,0
0,SSS,-0.7070760901220053,0
0,SSS,-0.7070760901220053,0
0,SSS,0.35353804506100256,1
0,SSS,-0.7070760901220053,0
0,SSS,0.7070760901220053,1
0,SSS,0,0
0,SSS,-0.35353804506100267,0
0,SSS,0.7070760901220053,1
0,SSS,0.35353804506100256,0
0,SSS,0.35353804506100256,1
0,SSS,-0.7070760901220053,0
0,SSS,-0.7070760901220053,0
0,SSS,0,0
0,SSS,0.35353804506100256,1
0,SSS,-0.35353804506100267,0
0,SSS,-0.35353804506100267,0
0,SSS,0,0
0,SSS,-0.7070760901220053,0
0,SSS,-0.7070760901220053,0
0,SSS,0,0
0,SSS,-0.7070760901220053,0
0,SSS,0.7070760901220053,1
0,SSS,-0.35353804506100267,0
0,SSS,-0.35353804506100267,0
0,SSS,0,0
0,SSS,-0.7070760901220053,0
0,SSS,-0.35353804506100267,0
0,SSS,-0.7070760901220053,0
0,SSS,-0.35353804506100267,0
0,SSS,0,0
0,SSS,0.35353804506100256,0
0,SSS,0.7070760901220053,1
0,SSS,-0.35353804506100267,1
0,SSS,0.7070760901220053,1
0,SSS,0.35353804506100256,0
0,SSS,0,0
0,SSS,0.35353804506100256,0
0,SSS,-0.35353804506100267,0
0,SSS,-0.35353804506100267,0
0,SSS,0.35353804506100256,1
0,SSS,0,0
0,SSS,0.7070760901220053,1
0,SSS,-0.7070760901220053,0
0,SSS,-0.35353804506100267,0
0,SSS,0.7070760901220053,0
0,SSS,0,0
0,SSS,0.7070760901220053,1
0,SSS,-0.35353804506100267,0
0,SSS,-0.7070760901220053,0
0,SSS,0.7070760901220053,1
0,SSS,0,0
0,SSS,0.7070760901220053,1
0,SSS,0.35353804506100256,1
0,SSS,0.35353804506100256,1
0,SSS,-0.7070760901220053,0
0,SSS,0,0
0,SSS,0,0
0,SSS,-0.35353804506100267,0
0,SSS,0,0
0,SSS,-0.7070760901220053,0
0,SSS,0,0
0,SSS,0.35353804506100256,0
0,SSS,-0.35353804506100267,0
0,SSS,0.35353804506100256,0
0,SSS,-0.35353804506100267,0
0,SSS,-0.35353804506100267,0
0,SSS,-0.7070760901220053,1
0,SSS,0.7070760901220053,0
0,SSS,0.7070760901220053,1
0,SSS,-0.7070760901220053,0
0,SSS,0.7070760901220053,1
0,SSS,-0.7070760901220053,0
0,SSS,0.35353804506100256,1
0,SSS,0.7070760901220053,1
0,SSS,0.35353804506100256,0
0,SSS,0,1
0,SSS,0.7070760901220053,1
0,SSS,-0.7070760901220053,1
1,SSS,0,1
1,SSS,0.35353804506100256,1
1,SSS,0,0
1,SSS,0.7070760901220053,0
1,SSS,0,0
1,SSS,-0.7070760901220053,0
1,SSS,0.35353804506100256,0
1,SSS,0,0
1,SSS,-0.35353804506100267,0
1,SSS,0.35353804506100256,0
1,SSS,0,0
1,SSS,0.35353804506100256,1
1,SSS,0.7070760901220053,0
1,SSS,-0.7070760901220053,0
1,SSS,-0.7070760901220053,0
1,SSS,0.35353804506100256,1
1,SSS,-0.35353804506100267,0
1,SSS,0,0
1,SSS,-0.35353804506100267,0
1,SSS,-0.35353804506100267,0
1,SSS,0.35353804506100256,1
1,SSS,0,0
1,SSS,0,0
1,SSS,0.7070760901220053,1
1,SSS,0.35353804506100256,0
1,SSS,0.7070760901220053,1
1,SSS,0.7070760901220053,1
1,SSS,-0.35353804506100267,0
1,SSS,-0.7070760901220053,0
1,SSS,-0.7070760901220053,0
1,SSS,0.7070760901220053,1
1,SSS,0.35353804506100256,0
1,SSS,0.7070760901220053,0
1,SSS,0.7070760901220053,1
1,SSS,0,0
1,SSS,-0.35353804506100267,0
1,SSS,0.7070760901220053,1
1,SSS,-0.7070760901220053,0
1,SSS,-0.35353804506100267,0
1,SSS,-0.35353804506100267,0
1,SSS,0.35353804506100256,1
1,SSS,0.35353804506100256,0
1,SSS,-0.7070760901220053,0
1,SSS,-0.7070760901220053,0
1,SSS,0.35353804506100256,0
1,SSS,-0.7070760901220053,0
1,SSS,0.7070760901220053,1
1,SSS,0,0
1,SSS,-0.35353804506100267,0
1,SSS,0.7070760901220053,0
1,SSS,0.35353804506100256,0
1,SSS,0.35353804506100256,0
1,SSS,-0.7070760901220053,0
1,SSS,-0.7070760901220053,0
1,SSS,0,0
1,SSS,0.35353804506100256,1
1,SSS,-0.35353804506100267,0
1,SSS,-0.35353804506100267,0
1,SSS,0,0
1,SSS,-0.7070760901220053,0
1,SSS,-0.7070760901220053,0
1,SSS,0,0
1,SSS,-0.7070760901220053,0
1,SSS,0.7070760901220053,1
1,SSS,-0.35353804506100267,0
1,SSS,-0.35353804506100267,0
1,SSS,0,0
1,SSS,-0.7070760901220053,0
1,SSS,-0.35353804506100267,0
1,SSS,-0.7070760901220053,0
1,SSS,-0.35353804506100267,0
1,SSS,0,1
1,SSS,0.35353804506100256,0
1,SSS,0.7070760901220053,1
1,SSS,-0.35353804506100267,0
1,SSS,0.7070760901220053,1
1,SSS,0.35353804506100256,1
1,SSS,0,0
1,SSS,0.35353804506100256,1
1,SSS,-0.35353804506100267,0
1,SSS,-0.35353804506100267,0
1,SSS,0.35353804506100256,0
1,SSS,0,0
1,SSS,0.7070760901220053,1
1,SSS,-0.7070760901220053,0
1,SSS,-0.35353804506100267,0
1,SSS,0.7070760901220053,1
1,SSS,0,0
1,SSS,0.7070760901220053,1
1,SSS,-0.35353804506100267,0
1,SSS,-0.7070760901220053,0
1,SSS,0.7070760901220053,1
1,SSS,0,0
1,SSS,0.7070760901220053,1
1,SSS,0.35353804506100256,1
1,SSS,0.35353804506100256,1
1,SSS,-0.7070760901220053,0
1,SSS,0,0
1,SSS,0,0
1,SSS,-0.35353804506100267,0
1,SSS,0,0
1,SSS,-0.7070760901220053,0
1,SSS,0,0
1,SSS,0.35353804506100256,1
1,SSS,-0.35353804506100267,0
1,SSS,0.35353804506100256,0
1,SSS,-0.35353804506100267,0
1,SSS,-0.35353804506100267,0
1,SSS,-0.7070760901220053,0
1,SSS,0.7070760901220053,1
1,SSS,0.7070760901220053,1
1,SSS,-0.7070760901220053,0
1,SSS,0.7070760901220053,0
1,SSS,-0.7070760901220053,0
1,SSS,0.35353804506100256,0
1,SSS,0.7070760901220053,1
1,SSS,0.35353804506100256,0
1,SSS,0,0
1,SSS,0.7070760901220053,1
1,SSS,-0.7070760901220053,0
2,SSS,0,0
2,SSS,0.35353804506100256,1
2,SSS,0,1
2,SSS,0.7070760901220053,1
2,SSS,0,0
2,SSS,-0.7070760901220053,0
2,SSS,0.35353804506100256,1
2,SSS,0,0
2,SSS,-0.35353804506100267,0
2,SSS,0.35353804506100256,0
2,SSS,0,1
2,SSS,0.35353804506100256,1
2,SSS,0.7070760901220053,1
2,SSS,-0.7070760901220053,0
2,SSS,-0.7070760901220053,0
2,SSS,0.35353804506100256,0
2,SSS,-0.35353804506100267,0
2,SSS,0,0
2,SSS,-0.35353804506100267,0
2,SSS,-0.35353804506100267,0
2,SSS,0.35353804506100256,0
2,SSS,0,0
2,SSS,0,0
2,SSS,0.7070760901220053,0
2,SSS,0.35353804506100256,1
2,SSS,0.7070760901220053,0
2,SSS,0.7070760901220053,1
2,SSS,-0.35353804506100267,0
2,SSS,-0.7070760901220053,0
2,SSS,-0.7070760901220053,0
2,SSS,0.7070760901220053,1
2,SSS,0.35353804506100256,1
2,SSS,0.7070760901220053,1
2,SSS,0.7070760901220053,1
2,SSS,0,0
2,SSS,-0.35353804506100267,0
2,SSS,0.7070760901220053,1
2,SSS,-0.7070760901220053,0
2,SSS,-0.35353804506100267,0
2,SSS,-0.35353804506100267,0
2,SSS,0.35353804506100256,1
2,SSS,0.35353804506100256,0
2,SSS,-0.7070760901220053,0
2,SSS,-0.7070760901220053,0
2,SSS,0.35353804506100256,1
2,SSS,-0.7070760901220053,0
2,SSS,0.7070760901220053,0
2,SSS,0,0
2,SSS,-0.35353804506100267,0
2,SSS,0.7070760901220053,1
2,SSS,0.35353804506100256,0
2,SSS,0.35353804506100256,1
2,SSS,-0.7070760901220053,0
2,SSS,-0.7070760901220053,0
2,SSS,0,0
2,SSS,0.35353804506100256,1
2,SSS,-0.35353804506100267,0
2,SSS,-0.35353804506100267,0
2,SSS,0,1
2,SSS,-0.7070760901220053,0
2,SSS,-0.7070760901220053,0
2,SSS,0,0
2,SSS,-0.7070760901220053,0
2,SSS,0.7070760901220053,0
2,SSS,-0.35353804506100267,0
2,SSS,-0.35353804506100267,0
2,SSS,0,0
2,SSS,-0.7070760901220053,0
2,SSS,-0.35353804506100267,0
2,SSS,-0.7070760901220053,0
2,SSS,-0.35353804506100267,0
2,SSS,0,0
2,SSS,0.35353804506100256,1
2,SSS,0.7070760901220053,1
2,SSS,-0.35353804506100267,0
2,SSS,0.7070760901220053,1
2,SSS,0.35353804506100256,1
2,SSS,0,0
2,SSS,0.35353804506100256,0
2,SSS,-0.35353804506100267,0
2,SSS,-0.35353804506100267,0
2,SSS,0.35353804506100256,0
2,SSS,0,0
2,SSS,0.7070760901220053,1
2,SSS,-0.7070760901220053,0
2,SSS,-0.35353804506100267,0
2,SSS,0.7070760901220053,1
2,SSS,0,0
2,SSS,0.7070760901220053,1
2,SSS,-0.35353804506100267,0
2,SSS,-0.7070760901220053,0
2,SSS,0.7070760901220053,1
2,SSS,0,0
2,SSS,0.7070760901220053,1
2,SSS,0.35353804506100256,1
2,SSS,0.35353804506100256,1
2,SSS,-0.7070760901220053,0
2,SSS,0,0
2,SSS,0,0
2,SSS,-0.35353804506100267,0
2,SSS,0,0
2,SSS,-0.7070760901220053,0
2,SSS,0,0
2,SSS,0.35353804506100256,0
2,SSS,-0.35353804506100267,0
2,SSS,0.35353804506100256,0
2,SSS,-0.35353804506100267,0
2,SSS,-0.35353804506100267,0
2,SSS,-0.7070760901220053,0
2,SSS,0.7070760901220053,1
2,SSS,0.7070760901220053,0
2,SSS,-0.7070760901220053,0
2,SSS,0.7070760901220053,1
2,SSS,-0.7070760901220053,0
2,SSS,0.35353804506100256,0
2,SSS,0.7070760901220053,1
2,SSS,0.35353804506100256,0
2,SSS,0,0
2,SSS,0.7070760901220053,1
2,SSS,-0.7070760901220053,0
3,SSS,0,1
3,SSS,0.35353804506100256,1
3,SSS,0,0
3,SSS,0.7070760901220053,1
3,SSS,0,0
3,SSS,-0.7070760901220053,0
3,SSS,0.35353804506100256,1
3,SSS,0,0
3,SSS,-0.35353804506100267,1
3,SSS,0.35353804506100256,1
3,SSS,0,1
3,SSS,0.35353804506100256,1
3,SSS,0.7070760901220053,1
3,SSS,-0.7070760901220053,0
3,SSS,-0.7070760901220053,0
3,SSS,0.35353804506100256,0
3,SSS,-0.35353804506100267,0
3,SSS,0,0
3,SSS,-0.35353804506100267,0
3,SSS,-0.35353804506100267,0
3,SSS,0.35353804506100256,0
3,SSS,0,1
3,SSS,0,1
3,SSS,0.7070760901220053,1
3,SSS,0.35353804506100256,1
3,SSS,0.7070760901220053,1
3,SSS,0.7070760901220053,1
3,SSS,-0.35353804506100267,0
3,SSS,-0.7070760901220053,0
3,SSS,-0.7070760901220053,0
3,SSS,0.7070760901220053,1
3,SSS,0.35353804506100256,0
3,SSS,0.7070760901220053,1
3,SSS,0.7070760901220053,1
3,SSS,0,0
3,SSS,-0.35353804506100267,0
3,SSS,0.7070760901220053,1
3,SSS,-0.7070760901220053,0
3,SSS,-0.35353804506100267,0
3,SSS,-0.35353804506100267,0
3,SSS,0.35353804506100256,1
3,SSS,0.35353804506100256,1
3,SSS,-0.7070760901220053,0
3,SSS,-0.7070760901220053,1
3,SSS,0.35353804506100256,1
3,SSS,-0.7070760901220053,0
3,SSS,0.7070760901220053,0
3,SSS,0,0
3,SSS,-0.35353804506100267,0
3,SSS,0.7070760901220053,1
3,SSS,0.35353804506100256,1
3,SSS,0.35353804506100256,1
3,SSS,-0.7070760901220053,0
3,SSS,-0.7070760901220053,0
3,SSS,0,0
3,SSS,0.35353804506100256,1
3,SSS,-0.35353804506100267,0
3,SSS,-0.35353804506100267,0
3,SSS,0,0
3,SSS,-0.7070760901220053,0
3,SSS,-0.7070760901220053,0
3,SSS,0,0
3,SSS,-0.7070760901220053,0
3,SSS,0.7070760901220053,1
3,SSS,-0.35353804506100267,0
3,SSS,-0.35353804506100267,0
3,SSS,0,0
3,SSS,-0.7070760901220053,0
3,SSS,-0.35353804506100267,0
3,SSS,-0.7070760901220053,0
3,SSS,-0.35353804506100267,0
3,SSS,0,0
3,SSS,0.35353804506100256,1
3,SSS,0.7070760901220053,1
3,SSS,-0.35353804506100267,0
3,SSS,0.7070760901220053,1
3,SSS,0.35353804506100256,1
3,SSS,0,0
3,SSS,0.35353804506100256,0
3,SSS,-0.35353804506100267,0
3,SSS,-0.35353804506100267,0
3,SSS,0.35353804506100256,1
3,SSS,0,0
3,SSS,0.7070760901220053,1
3,SSS,-0.7070760901220053,0
3,SSS,-0.35353804506100267,0
3,SSS,0.7070760901220053,1
3,SSS,0,0
3,SSS,0.7070760901220053,0
3,SSS,-0.35353804506100267,0
3,SSS,-0.7070760901220053,0
3,SSS,0.7070760901220053,1
3,SSS,0,0
3,SSS,0.7070760901220053,1
3,SSS,0.35353804506100256,0
3,SSS,0.35353804506100256,1
3,SSS,-0.7070760901220053,0
3,SSS,0,0
3,SSS,0,0
3,SSS,-0.35353804506100267,0
3,SSS,0,1
3,SSS,-0.7070760901220053,0
3,SSS,0,0
3,SSS,0.35353804506100256,1
3,SSS,-0.35353804506100267,0
3,SSS,0.35353804506100256,1
3,SSS,-0.35353804506100267,0
3,SSS,-0.35353804506100267,0
3,SSS,-0.7070760901220053,0
3,SSS,0.7070760901220053,1
3,SSS,0.7070760901220053,1
3,SSS,-0.7070760901220053,0
3,SSS,0.7070760901220053,1
3,SSS,-0.7070760901220053,0
3,SSS,0.35353804506100256,1
3,SSS,0.7070760901220053,1
3,SSS,0.35353804506100256,1
3,SSS,0,0
3,SSS,0.7070760901220053,1
3,SSS,-0.7070760901220053,0
5,SSS,0,1
5,SSS,0.35353804506100256,1
5,SSS,0,0
5,SSS,0.7070760901220053,1
5,SSS,0,0
5,SSS,-0.7070760901220053,0
5,SSS,0.35353804506100256,0
5,SSS,0,0
5,SSS,-0.35353804506100267,0
5,SSS,0.35353804506100256,0
5,SSS,0,0
5,SSS,0.35353804506100256,0
5,SSS,0.7070760901220053,1
5,SSS,-0.7070760901220053,0
5,SSS,-0.7070760901220053,0
5,SSS,0.35353804506100256,1
5,SSS,-0.35353804506100267,1
5,SSS,0,0
5,SSS,-0.35353804506100267,0
5,SSS,-0.35353804506100267,0
5,SSS,0.35353804506100256,1
5,SSS,0,0
5,SSS,0,0
5,SSS,0.7070760901220053,1
5,SSS,0.35353804506100256,1
5,SSS,0.7070760901220053,1
5,SSS,0.7070760901220053,1
5,SSS,-0.35353804506100267,0
5,SSS,-0.7070760901220053,0
5,SSS,-0.7070760901220053,0
5,SSS,0.7070760901220053,1
5,SSS,0.35353804506100256,1
5,SSS,0.7070760901220053,1
5,SSS,0.7070760901220053,1
5,SSS,0,0
5,SSS,-0.35353804506100267,0
5,SSS,0.7070760901220053,1
5,SSS,-0.7070760901220053,0
5,SSS,-0.35353804506100267,0
5,SSS,-0.35353804506100267,0
5,SSS,0.35353804506100256,1
5,SSS,0.35353804506100256,1
5,SSS,-0.7070760901220053,0
5,SSS,-0.7070760901220053,0
5,SSS,0.35353804506100256,0
5,SSS,-0.7070760901220053,0
5,SSS,0.7070760901220053,1
5,SSS,0,0
5,SSS,-0.35353804506100267,0
5,SSS,0.7070760901220053,1
5,SSS,0.35353804506100256,1
5,SSS,0.35353804506100256,1
5,SSS,-0.7070760901220053,0
5,SSS,-0.7070760901220053,0
5,SSS,0,0
5,SSS,0.35353804506100256,1
5,SSS,-0.35353804506100267,0
5,SSS,-0.35353804506100267,0
5,SSS,0,0
5,SSS,-0.7070760901220053,0
5,SSS,-0.7070760901220053,0
5,SSS,0,0
5,SSS,-0.7070760901220053,0
5,SSS,0.7070760901220053,1
5,SSS,-0.35353804506100267,0
5,SSS,-0.35353804506100267,0
5,SSS,0,1
5,SSS,-0.7070760901220053,0
5,SSS,-0.35353804506100267,0
5,SSS,-0.7070760901220053,0
5,SSS,-0.35353804506100267,0
5,SSS,0,1
5,SSS,0.35353804506100256,1
5,SSS,0.7070760901220053,1
5,SSS,-0.35353804506100267,0
5,SSS,0.7070760901220053,1
5,SSS,0.35353804506100256,1
5,SSS,0,0
5,SSS,0.35353804506100256,0
5,SSS,-0.35353804506100267,0
5,SSS,-0.35353804506100267,0
5,SSS,0.35353804506100256,0
5,SSS,0,1
5,SSS,0.7070760901220053,1
5,SSS,-0.7070760901220053,0
5,SSS,-0.35353804506100267,0
5,SSS,0.7070760901220053,1
5,SSS,0,0
5,SSS,0.7070760901220053,0
5,SSS,-0.35353804506100267,0
5,SSS,-0.7070760901220053,0
5,SSS,0.7070760901220053,1
5,SSS,0,1
5,SSS,0.7070760901220053,1
5,SSS,0.35353804506100256,1
5,SSS,0.35353804506100256,0
5,SSS,-0.7070760901220053,0
5,SSS,0,0
5,SSS,0,0
5,SSS,-0.35353804506100267,0
5,SSS,0,0
5,SSS,-0.7070760901220053,0
5,SSS,0,0
5,SSS,0.35353804506100256,0
5,SSS,-0.35353804506100267,0
5,SSS,0.35353804506100256,1
5,SSS,-0.35353804506100267,0
5,SSS,-0.35353804506100267,0
5,SSS,-0.7070760901220053,0
5,SSS,0.7070760901220053,1
5,SSS,0.7070760901220053,1
5,SSS,-0.7070760901220053,0
5,SSS,0.7070760901220053,1
5,SSS,-0.7070760901220053,0
5,SSS,0.35353804506100256,1
5,SSS,0.7070760901220053,1
5,SSS,0.35353804506100256,1
5,SSS,0,0
5,SSS,0.7070760901220053,1
5,SSS,-0.7070760901220053,0
6,SSS,0,0
6,SSS,0.35353804506100256,1
6,SSS,0,1
6,SSS,0.7070760901220053,1
6,SSS,0,0
6,SSS,-0.7070760901220053,0
6,SSS,0.35353804506100256,1
6,SSS,0,0
6,SSS,-0.35353804506100267,0
6,SSS,0.35353804506100256,1
6,SSS,0,1
6,SSS,0.35353804506100256,1
6,SSS,0.7070760901220053,1
6,SSS,-0.7070760901220053,0
6,SSS,-0.7070760901220053,0
6,SSS,0.35353804506100256,1
6,SSS,-0.35353804506100267,0
6,SSS,0,0
6,SSS,-0.35353804506100267,0
6,SSS,-0.35353804506100267,0
6,SSS,0.35353804506100256,0
6,SSS,0,0
6,SSS,0,0
6,SSS,0.7070760901220053,1
6,SSS,0.35353804506100256,0
6,SSS,0.7070760901220053,1
6,SSS,0.7070760901220053,1
6,SSS,-0.35353804506100267,0
6,SSS,-0.7070760901220053,0
6,SSS,-0.7070760901220053,0
6,SSS,0.7070760901220053,1
6,SSS,0.35353804506100256,1
6,SSS,0.7070760901220053,1
6,SSS,0.7070760901220053,1
6,SSS,0,0
6,SSS,-0.35353804506100267,0
6,SSS,0.7070760901220053,1
6,SSS,-0.7070760901220053,0
6,SSS,-0.35353804506100267,0
6,SSS,-0.35353804506100267,0
6,SSS,0.35353804506100256,1
6,SSS,0.35353804506100256,0
6,SSS,-0.7070760901220053,0
6,SSS,-0.7070760901220053,0
6,SSS,0.35353804506100256,1
6,SSS,-0.7070760901220053,0
6,SSS,0.7070760901220053,1
6,SSS,0,0
6,SSS,-0.35353804506100267,0
6,SSS,0.7070760901220053,1
6,SSS,0.35353804506100256,0
6,SSS,0.35353804506100256,1
6,SSS,-0.7070760901220053,0
6,SSS,-0.7070760901220053,0
6,SSS,0,0
6,SSS,0.35353804506100256,0
6,SSS,-0.35353804506100267,0
6,SSS,-0.35353804506100267,0
6,SSS,0,1
6,SSS,-0.7070760901220053,0
6,SSS,-0.7070760901220053,0
6,SSS,0,1
6,SSS,-0.7070760901220053,0
6,SSS,0.7070760901220053,1
6,SSS,-0.35353804506100267,0
6,SSS,-0.35353804506100267,0
6,SSS,0,0
6,SSS,-0.7070760901220053,0
6,SSS,-0.35353804506100267,0
6,SSS,-0.7070760901220053,0
6,SSS,-0.35353804506100267,0
6,SSS,0,0
6,SSS,0.35353804506100256,1
6,SSS,0.7070760901220053,1
6,SSS,-0.35353804506100267,0
6,SSS,0.7070760901220053,1
6,SSS,0.35353804506100256,1
6,SSS,0,0
6,SSS,0.35353804506100256,0
6,SSS,-0.35353804506100267,0
6,SSS,-0.35353804506100267,0
6,SSS,0.35353804506100256,1
6,SSS,0,1
6,SSS,0.7070760901220053,1
6,SSS,-0.7070760901220053,0
6,SSS,-0.35353804506100267,0
6,SSS,0.7070760901220053,1
6,SSS,0,0
6,SSS,0.7070760901220053,1
6,SSS,-0.35353804506100267,0
6,SSS,-0.7070760901220053,0
6,SSS,0.7070760901220053,1
6,SSS,0,1
6,SSS,0.7070760901220053,1
6,SSS,0.35353804506100256,0
6,SSS,0.35353804506100256,1
6,SSS,-0.7070760901220053,0
6,SSS,0,0
6,SSS,0,1
6,SSS,-0.35353804506100267,0
6,SSS,0,0
6,SSS,-0.7070760901220053,0
6,SSS,0,1
6,SSS,0.35353804506100256,0
6,SSS,-0.35353804506100267,0
6,SSS,0.35353804506100256,1
6,SSS,-0.35353804506100267,0
6,SSS,-0.35353804506100267,0
6,SSS,-0.7070760901220053,0
6,SSS,0.7070760901220053,1
6,SSS,0.7070760901220053,1
6,SSS,-0.7070760901220053,0
6,SSS,0.7070760901220053,1
6,SSS,-0.7070760901220053,0
6,SSS,0.35353804506100256,1
6,SSS,0.7070760901220053,1
6,SSS,0.35353804506100256,1
6,SSS,0,0
6,SSS,0.7070760901220053,1
6,SSS,-0.7070760901220053,0
8,SSS,0,1
8,SSS,0.35353804506100256,1
8,SSS,0,1
8,SSS,0.7070760901220053,1
8,SSS,0,0
8,SSS,-0.7070760901220053,0
8,SSS,0.35353804506100256,1
8,SSS,0,0
8,SSS,-0.35353804506100267,0
8,SSS,0.35353804506100256,1
8,SSS,0,0
8,SSS,0.35353804506100256,1
8,SSS,0.7070760901220053,1
8,SSS,-0.7070760901220053,0
8,SSS,-0.7070760901220053,0
8,SSS,0.35353804506100256,1
8,SSS,-0.35353804506100267,0
8,SSS,0,1
8,SSS,-0.35353804506100267,0
8,SSS,-0.35353804506100267,0
8,SSS,0.35353804506100256,1
8,SSS,0,1
8,SSS,0,1
8,SSS,0.7070760901220053,1
8,SSS,0.35353804506100256,1
8,SSS,0.7070760901220053,1
8,SSS,0.7070760901220053,1
8,SSS,-0.35353804506100267,0
8,SSS,-0.7070760901220053,0
8,SSS,-0.7070760901220053,0
8,SSS,0.7070760901220053,1
8,SSS,0.35353804506100256,0
8,SSS,0.7070760901220053,1
8,SSS,0.7070760901220053,0
8,SSS,0,0
8,SSS,-0.35353804506100267,0
8,SSS,0.7070760901220053,1
8,SSS,-0.7070760901220053,0
8,SSS,-0.35353804506100267,0
8,SSS,-0.35353804506100267,0
8,SSS,0.35353804506100256,0
8,SSS,0.35353804506100256,0
8,SSS,-0.7070760901220053,0
8,SSS,-0.7070760901220053,0
8,SSS,0.35353804506100256,1
8,SSS,-0.7070760901220053,0
8,SSS,0.7070760901220053,1
8,SSS,0,0
8,SSS,-0.35353804506100267,0
8,SSS,0.7070760901220053,0
8,SSS,0.35353804506100256,1
8,SSS,0.35353804506100256,0
8,SSS,-0.7070760901220053,0
8,SSS,-0.7070760901220053,0
8,SSS,0,1
8,SSS,0.35353804506100256,1
8,SSS,-0.35353804506100267,0
8,SSS,-0.35353804506100267,1
8,SSS,0,0
8,SSS,-0.7070760901220053,0
8,SSS,-0.7070760901220053,0
8,SSS,0,1
8,SSS,-0.7070760901220053,0
8,SSS,0.7070760901220053,1
8,SSS,-0.35353804506100267,0
8,SSS,-0.35353804506100267,1
8,SSS,0,1
8,SSS,-0.7070760901220053,0
8,SSS,-0.35353804506100267,0
8,SSS,-0.7070760901220053,0
8,SSS,-0.35353804506100267,0
8,SSS,0,0
8,SSS,0.35353804506100256,1
8,SSS,0.7070760901220053,1
8,SSS,-0.35353804506100267,0
8,SSS,0.7070760901220053,1
8,SSS,0.35353804506100256,0
8,SSS,0,0
8,SSS,0.35353804506100256,1
8,SSS,-0.35353804506100267,0
8,SSS,-0.35353804506100267,0
8,SSS,0.35353804506100256,1
8,SSS,0,0
8,SSS,0.7070760901220053,1
8,SSS,-0.7070760901220053,0
8,SSS,-0.35353804506100267,0
8,SSS,0.7070760901220053,1
8,SSS,0,1
8,SSS,0.7070760901220053,0
8,SSS,-0.35353804506100267,0
8,SSS,-0.7070760901220053,0
8,SSS,0.7070760901220053,1
8,SSS,0,0
8,SSS,0.7070760901220053,1
8,SSS,0.35353804506100256,0
8,SSS,0.35353804506100256,0
8,SSS,-0.7070760901220053,0
8,SSS,0,0
8,SSS,0,0
8,SSS,-0.35353804506100267,0
8,SSS,0,0
8,SSS,-0.7070760901220053,0
8,SSS,0,0
8,SSS,0.35353804506100256,0
8,SSS,-0.35353804506100267,0
8,SSS,0.35353804506100256,1
8,SSS,-0.35353804506100267,0
8,SSS,-0.35353804506100267,0
8,SSS,-0.7070760901220053,0
8,SSS,0.7070760901220053,1
8,SSS,0.7070760901220053,1
8,SSS,-0.7070760901220053,0
8,SSS,0.7070760901220053,1
8,SSS,-0.7070760901220053,0
8,SSS,0.35353804506100256,0
8,SSS,0.7070760901220053,1
8,SSS,0.35353804506100256,0
8,SSS,0,0
8,SSS,0.7070760901220053,1
8,SSS,-0.7070760901220053,0
10,SSS,0,0
10,SSS,0.35353804506100256,0
10,SSS,0,0
10,SSS,0.7070760901220053,1
10,SSS,0,0
10,SSS,-0.7070760901220053,0
10,SSS,0.35353804506100256,1
10,SSS,0,0
10,SSS,-0.35353804506100267,0
10,SSS,0.35353804506100256,1
10,SSS,0,0
10,SSS,0.35353804506100256,0
10,SSS,0.7070760901220053,1
10,SSS,-0.7070760901220053,0
10,SSS,-0.7070760901220053,0
10,SSS,0.35353804506100256,1
10,SSS,-0.35353804506100267,0
10,SSS,0,0
10,SSS,-0.35353804506100267,0
10,SSS,-0.35353804506100267,0
10,SSS,0.35353804506100256,1
10,SSS,0,1
10,SSS,0,1
10,SSS,0.7070760901220053,1
10,SSS,0.35353804506100256,0
10,SSS,0.7070760901220053,1
10,SSS,0.7070760901220053,1
10,SSS,-0.35353804506100267,0
10,SSS,-0.7070760901220053,0
10,SSS,-0.7070760901220053,0
10,SSS,0.7070760901220053,1
10,SSS,0.35353804506100256,1
10,SSS,0.7070760901220053,1
10,SSS,0.7070760901220053,1
10,SSS,0,0
10,SSS,-0.35353804506100267,0
10,SSS,0.7070760901220053,1
10,SSS,-0.7070760901220053,0
10,SSS,-0.35353804506100267,0
10,SSS,-0.35353804506100267,0
10,SSS,0.35353804506100256,1
10,SSS,0.35353804506100256,0
10,SSS,-0.7070760901220053,0
10,SSS,-0.7070760901220053,0
10,SSS,0.35353804506100256,1
10,SSS,-0.7070760901220053,0
10,SSS,0.7070760901220053,1
10,SSS,0,0
10,SSS,-0.35353804506100267,1
10,SSS,0.7070760901220053,1
10,SSS,0.35353804506100256,1
10,SSS,0.35353804506100256,0
10,SSS,-0.7070760901220053,0
10,SSS,-0.7070760901220053,1
10,SSS,0,0
10,SSS,0.35353804506100256,0
10,SSS,-0.35353804506100267,0
10,SSS,-0.35353804506100267,0
10,SSS,0,0
10,SSS,-0.7070760901220053,0
10,SSS,-0.7070760901220053,0
10,SSS,0,0
10,SSS,-0.7070760901220053,0
10,SSS,0.7070760901220053,1
10,SSS,-0.35353804506100267,0
10,SSS,-0.35353804506100267,0
10,SSS,0,1
10,SSS,-0.7070760901220053,0
10,SSS,-0.35353804506100267,1
10,SSS,-0.7070760901220053,0
10,SSS,-0.35353804506100267,0
10,SSS,0,0
10,SSS,0.35353804506100256,1
10,SSS,0.7070760901220053,1
10,SSS,-0.35353804506100267,0
10,SSS,0.7070760901220053,1
10,SSS,0.35353804506100256,1
10,SSS,0,1
10,SSS,0.35353804506100256,1
10,SSS,-0.35353804506100267,0
10,SSS,-0.35353804506100267,0
10,SSS,0.35353804506100256,1
10,SSS,0,0
10,SSS,0.7070760901220053,1
10,SSS,-0.7070760901220053,0
10,SSS,-0.35353804506100267,0
10,SSS,0.7070760901220053,1
10,SSS,0,0
10,SSS,0.7070760901220053,1
10,SSS,-0.35353804506100267,0
10,SSS,-0.7070760901220053,0
10,SSS,0.7070760901220053,1
10,SSS,0,0
10,SSS,0.7070760901220053,1
10,SSS,0.35353804506100256,1
10,SSS,0.35353804506100256,1
10,SSS,-0.7070760901220053,0
10,SSS,0,1
10,SSS,0,0
10,SSS,-0.35353804506100267,0
10,SSS,0,0
10,SSS,-0.7070760901220053,0
10,SSS,0,0
10,SSS,0.35353804506100256,0
10,SSS,-0.35353804506100267,0
10,SSS,0.35353804506100256,1
10,SSS,-0.35353804506100267,0
10,SSS,-0.35353804506100267,0
10,SSS,-0.7070760901220053,0
10,SSS,0.7070760901220053,1
10,SSS,0.7070760901220053,1
10,SSS,-0.7070760901220053,0
10,SSS,0.7070760901220053,0
10,SSS,-0.7070760901220053,0
10,SSS,0.35353804506100256,0
10,SSS,0.7070760901220053,1
10,SSS,0.35353804506100256,1
10,SSS,0,0
10,SSS,0.7070760901220053,1
10,SSS,-0.7070760901220053,0
11,SSS,0,0
11,SSS,0.35353804506100256,0
11,SSS,0,0
11,SSS,0.7070760901220053,1
11,SSS,0,0
11,SSS,-0.7070760901220053,0
11,SSS,0.35353804506100256,1
11,SSS,0,0
11,SSS,-0.35353804506100267,0
11,SSS,0.35353804506100256,1
11,SSS,0,0
11,SSS,0.35353804506100256,0
11,SSS,0.7070760901220053,1
11,SSS,-0.7070760901220053,0
11,SSS,-0.7070760901220053,0
11,SSS,0.35353804506100256,1
11,SSS,-0.35353804506100267,0
11,SSS,0,0
11,SSS,-0.35353804506100267,0
11,SSS,-0.35353804506100267,0
11,SSS,0.35353804506100256,0
11,SSS,0,0
11,SSS,0,0
11,SSS,0.7070760901220053,1
11,SSS,0.35353804506100256,1
11,SSS,0.7070760901220053,1
11,SSS,0.7070760901220053,1
11,SSS,-0.35353804506100267,0
11,SSS,-0.7070760901220053,0
11,SSS,-0.7070760901220053,0
11,SSS,0.7070760901220053,1
11,SSS,0.35353804506100256,1
11,SSS,0.7070760901220053,1
11,SSS,0.7070760901220053,1
11,SSS,0,0
11,SSS,-0.35353804506100267,0
11,SSS,0.7070760901220053,1
11,SSS,-0.7070760901220053,0
11,SSS,-0.35353804506100267,1
11,SSS,-0.35353804506100267,0
11,SSS,0.35353804506100256,1
11,SSS,0.35353804506100256,1
11,SSS,-0.7070760901220053,0
11,SSS,-0.7070760901220053,0
11,SSS,0.35353804506100256,1
11,SSS,-0.7070760901220053,0
11,SSS,0.7070760901220053,1
11,SSS,0,0
11,SSS,-0.35353804506100267,0
11,SSS,0.7070760901220053,1
11,SSS,0.35353804506100256,1
11,SSS,0.35353804506100256,1
11,SSS,-0.7070760901220053,0
11,SSS,-0.7070760901220053,0
11,SSS,0,1
11,SSS,0.35353804506100256,1
11,SSS,-0.35353804506100267,0
11,SSS,-0.35353804506100267,0
11,SSS,0,0
11,SSS,-0.7070760901220053,0
11,SSS,-0.7070760901220053,0
11,SSS,0,0
11,SSS,-0.7070760901220053,0
11,SSS,0.7070760901220053,1
11,SSS,-0.35353804506100267,0
11,SSS,-0.35353804506100267,0
11,SSS,0,1
11,SSS,-0.7070760901220053,0
11,SSS,-0.35353804506100267,0
11,SSS,-0.7070760901220053,0
11,SSS,-0.35353804506100267,0
11,SSS,0,0
11,SSS,0.35353804506100256,1
11,SSS,0.7070760901220053,1
11,SSS,-0.35353804506100267,0
11,SSS,0.7070760901220053,1
11,SSS,0.35353804506100256,1
11,SSS,0,0
11,SSS,0.35353804506100256,1
11,SSS,-0.35353804506100267,0
11,SSS,-0.35353804506100267,0
11,SSS,0.35353804506100256,1
11,SSS,0,0
11,SSS,0.7070760901220053,1
11,SSS,-0.7070760901220053,0
11,SSS,-0.35353804506100267,0
11,SSS,0.7070760901220053,1
11,SSS,0,1
11,SSS,0.7070760901220053,1
11,SSS,-0.35353804506100267,0
11,SSS,-0.7070760901220053,0
11,SSS,0.7070760901220053,1
11,SSS,0,0
11,SSS,0.7070760901220053,1
11,SSS,0.35353804506100256,1
11,SSS,0.35353804506100256,0
11,SSS,-0.7070760901220053,0
11,SSS,0,0
11,SSS,0,0
11,SSS,-0.35353804506100267,0
11,SSS,0,1
11,SSS,-0.7070760901220053,0
11,SSS,0,0
11,SSS,0.35353804506100256,0
11,SSS,-0.35353804506100267,1
11,SSS,0.35353804506100256,0
11,SSS,-0.35353804506100267,0
11,SSS,-0.35353804506100267,0
11,SSS,-0.7070760901220053,0
11,SSS,0.7070760901220053,1
11,SSS,0.7070760901220053,1
11,SSS,-0.7070760901220053,0
11,SSS,0.7070760901220053,1
11,SSS,-0.7070760901220053,0
11,SSS,0.35353804506100256,1
11,SSS,0.7070760901220053,1
11,SSS,0.35353804506100256,1
11,SSS,0,0
11,SSS,0.7070760901220053,1
11,SSS,-0.7070760901220053,0
12,SSS,0,1
12,SSS,0.35353804506100256,1
12,SSS,0,0
12,SSS,0.7070760901220053,1
12,SSS,0,0
12,SSS,-0.7070760901220053,0
12,SSS,0.35353804506100256,1
12,SSS,0,0
12,SSS,-0.35353804506100267,0
12,SSS,0.35353804506100256,1
12,SSS,0,0
12,SSS,0.35353804506100256,1
12,SSS,0.7070760901220053,1
12,SSS,-0.7070760901220053,0
12,SSS,-0.7070760901220053,0
12,SSS,0.35353804506100256,1
12,SSS,-0.35353804506100267,0
12,SSS,0,0
12,SSS,-0.35353804506100267,0
12,SSS,-0.35353804506100267,0
12,SSS,0.35353804506100256,1
12,SSS,0,0
12,SSS,0,0
12,SSS,0.7070760901220053,1
12,SSS,0.35353804506100256,1
12,SSS,0.7070760901220053,1
12,SSS,0.7070760901220053,1
12,SSS,-0.35353804506100267,0
12,SSS,-0.7070760901220053,0
12,SSS,-0.7070760901220053,0
12,SSS,0.7070760901220053,1
12,SSS,0.35353804506100256,1
12,SSS,0.7070760901220053,1
12,SSS,0.7070760901220053,1
12,SSS,0,0
12,SSS,-0.35353804506100267,0
12,SSS,0.7070760901220053,1
12,SSS,-0.7070760901220053,0
12,SSS,-0.35353804506100267,0
12,SSS,-0.35353804506100267,0
12,SSS,0.35353804506100256,0
12,SSS,0.35353804506100256,1
12,SSS,-0.7070760901220053,0
12,SSS,-0.7070760901220053,0
12,SSS,0.35353804506100256,0
12,SSS,-0.7070760901220053,0
12,SSS,0.7070760901220053,1
12,SSS,0,0
12,SSS,-0.35353804506100267,0
12,SSS,0.7070760901220053,1
12,SSS,0.35353804506100256,0
12,SSS,0.35353804506100256,0
12,SSS,-0.7070760901220053,0
12,SSS,-0.7070760901220053,0
12,SSS,0,1
12,SSS,0.35353804506100256,0
12,SSS,-0.35353804506100267,0
12,SSS,-0.35353804506100267,0
12,SSS,0,0
12,SSS,-0.7070760901220053,0
12,SSS,-0.7070760901220053,0
12,SSS,0,0
12,SSS,-0.7070760901220053,0
12,SSS,0.7070760901220053,1
12,SSS,-0.35353804506100267,0
12,SSS,-0.35353804506100267,0
12,SSS,0,0
12,SSS,-0.7070760901220053,0
12,SSS,-0.35353804506100267,1
12,SSS,-0.7070760901220053,0
12,SSS,-0.35353804506100267,0
12,SSS,0,0
12,SSS,0.35353804506100256,0
12,SSS,0.7070760901220053,1
12,SSS,-0.35353804506100267,0
12,SSS,0.7070760901220053,1
12,SSS,0.35353804506100256,1
12,SSS,0,0
12,SSS,0.35353804506100256,1
12,SSS,-0.35353804506100267,0
12,SSS,-0.35353804506100267,0
12,SSS,0.35353804506100256,0
12,SSS,0,0
12,SSS,0.7070760901220053,1
12,SSS,-0.7070760901220053,0
12,SSS,-0.35353804506100267,0
12,SSS,0.7070760901220053,1
12,SSS,0,0
12,SSS,0.7070760901220053,1
12,SSS,-0.35353804506100267,0
12,SSS,-0.7070760901220053,0
12,SSS,0.7070760901220053,1
12,SSS,0,0
12,SSS,0.7070760901220053,1
12,SSS,0.35353804506100256,1
12,SSS,0.35353804506100256,0
12,SSS,-0.7070760901220053,0
12,SSS,0,0
12,SSS,0,0
12,SSS,-0.35353804506100267,0
12,SSS,0,0
12,SSS,-0.7070760901220053,0
12,SSS,0,0
12,SSS,0.35353804506100256,1
12,SSS,-0.35353804506100267,0
12,SSS,0.35353804506100256,1
12,SSS,-0.35353804506100267,0
12,SSS,-0.35353804506100267,0
12,SSS,-0.7070760901220053,0
12,SSS,0.7070760901220053,1
12,SSS,0.7070760901220053,1
12,SSS,-0.7070760901220053,0
12,SSS,0.7070760901220053,1
12,SSS,-0.7070760901220053,0
12,SSS,0.35353804506100256,0
12,SSS,0.7070760901220053,1
12,SSS,0.35353804506100256,1
12,SSS,0,0
12,SSS,0.7070760901220053,1
12,SSS,-0.7070760901220053,0
13,SSS,0,0
13,SSS,0.35353804506100256,0
13,SSS,0,0
13,SSS,0.7070760901220053,1
13,SSS,0,0
13,SSS,-0.7070760901220053,0
13,SSS,0.35353804506100256,1
13,SSS,0,0
13,SSS,-0.35353804506100267,0
13,SSS,0.35353804506100256,1
13,SSS,0,0
13,SSS,0.35353804506100256,0
13,SSS,0.7070760901220053,1
13,SSS,-0.7070760901220053,0
13,SSS,-0.7070760901220053,0
13,SSS,0.35353804506100256,1
13,SSS,-0.35353804506100267,0
13,SSS,0,0
13,SSS,-0.35353804506100267,0
13,SSS,-0.35353804506100267,0
13,SSS,0.35353804506100256,0
13,SSS,0,0
13,SSS,0,0
13,SSS,0.7070760901220053,1
13,SSS,0.35353804506100256,0
13,SSS,0.7070760901220053,1
13,SSS,0.7070760901220053,1
13,SSS,-0.35353804506100267,0
13,SSS,-0.7070760901220053,0
13,SSS,-0.7070760901220053,0
13,SSS,0.7070760901220053,1
13,SSS,0.35353804506100256,1
13,SSS,0.7070760901220053,1
13,SSS,0.7070760901220053,1
13,SSS,0,0
13,SSS,-0.35353804506100267,0
13,SSS,0.7070760901220053,1
13,SSS,-0.7070760901220053,0
13,SSS,-0.35353804506100267,0
13,SSS,-0.35353804506100267,0
13,SSS,0.35353804506100256,1
13,SSS,0.35353804506100256,0
13,SSS,-0.7070760901220053,0
13,SSS,-0.7070760901220053,0
13,SSS,0.35353804506100256,1
13,SSS,-0.7070760901220053,0
13,SSS,0.7070760901220053,1
13,SSS,0,0
13,SSS,-0.35353804506100267,0
13,SSS,0.7070760901220053,1
13,SSS,0.35353804506100256,1
13,SSS,0.35353804506100256,1
13,SSS,-0.7070760901220053,0
13,SSS,-0.7070760901220053,0
13,SSS,0,0
13,SSS,0.35353804506100256,0
13,SSS,-0.35353804506100267,0
13,SSS,-0.35353804506100267,0
13,SSS,0,0
13,SSS,-0.7070760901220053,0
13,SSS,-0.7070760901220053,0
13,SSS,0,1
13,SSS,-0.7070760901220053,0
13,SSS,0.7070760901220053,1
13,SSS,-0.35353804506100267,0
13,SSS,-0.35353804506100267,0
13,SSS,0,1
13,SSS,-0.7070760901220053,0
13,SSS,-0.35353804506100267,0
13,SSS,-0.7070760901220053,0
13,SSS,-0.35353804506100267,0
13,SSS,0,0
13,SSS,0.35353804506100256,0
13,SSS,0.7070760901220053,1
13,SSS,-0.35353804506100267,0
13,SSS,0.7070760901220053,1
13,SSS,0.35353804506100256,1
13,SSS,0,0
13,SSS,0.35353804506100256,1
13,SSS,-0.35353804506100267,0
13,SSS,-0.35353804506100267,0
13,SSS,0.35353804506100256,1
13,SSS,0,0
13,SSS,0.7070760901220053,1
13,SSS,-0.7070760901220053,0
13,SSS,-0.35353804506100267,0
13,SSS,0.7070760901220053,0
13,SSS,0,0
13,SSS,0.7070760901220053,1
13,SSS,-0.35353804506100267,0
13,SSS,-0.7070760901220053,0
13,SSS,0.7070760901220053,1
13,SSS,0,0
13,SSS,0.7070760901220053,1
13,SSS,0.35353804506100256,1
13,SSS,0.35353804506100256,0
13,SSS,-0.7070760901220053,0
13,SSS,0,0
13,SSS,0,0
13,SSS,-0.35353804506100267,0
13,SSS,0,0
13,SSS,-0.7070760901220053,0
13,SSS,0,0
13,SSS,0.35353804506100256,0
13,SSS,-0.35353804506100267,0
13,SSS,0.35353804506100256,0
13,SSS,-0.35353804506100267,0
13,SSS,-0.35353804506100267,0
13,SSS,-0.7070760901220053,0
13,SSS,0.7070760901220053,1
13,SSS,0.7070760901220053,1
13,SSS,-0.7070760901220053,0
13,SSS,0.7070760901220053,1
13,SSS,-0.7070760901220053,0
13,SSS,0.35353804506100256,0
13,SSS,0.7070760901220053,0
13,SSS,0.35353804506100256,0
13,SSS,0,0
13,SSS,0.7070760901220053,1
13,SSS,-0.7070760901220053,0
14,SSS,0,1
14,SSS,0.35353804506100256,1
14,SSS,0,1
14,SSS,0.7070760901220053,1
14,SSS,0,0
14,SSS,-0.7070760901220053,1
14,SSS,0.35353804506100256,1
14,SSS,0,0
14,SSS,-0.35353804506100267,1
14,SSS,0.35353804506100256,1
14,SSS,0,1
14,SSS,0.35353804506100256,1
14,SSS,0.7070760901220053,1
14,SSS,-0.7070760901220053,0
14,SSS,-0.7070760901220053,0
14,SSS,0.35353804506100256,1
14,SSS,-0.35353804506100267,0
14,SSS,0,0
14,SSS,-0.35353804506100267,0
14,SSS,-0.35353804506100267,0
14,SSS,0.35353804506100256,1
14,SSS,0,0
14,SSS,0,1
14,SSS,0.7070760901220053,1
14,SSS,0.35353804506100256,1
14,SSS,0.7070760901220053,1
14,SSS,0.7070760901220053,1
14,SSS,-0.35353804506100267,0
14,SSS,-0.7070760901220053,0
14,SSS,-0.7070760901220053,0
14,SSS,0.7070760901220053,1
14,SSS,0.35353804506100256,1
14,SSS,0.7070760901220053,1
14,SSS,0.7070760901220053,1
14,SSS,0,0
14,SSS,-0.35353804506100267,0
14,SSS,0.7070760901220053,1
14,SSS,-0.7070760901220053,0
14,SSS,-0.35353804506100267,0
14,SSS,-0.35353804506100267,0
14,SSS,0.35353804506100256,1
14,SSS,0.35353804506100256,1
14,SSS,-0.7070760901220053,0
14,SSS,-0.7070760901220053,0
14,SSS,0.35353804506100256,1
14,SSS,-0.7070760901220053,0
14,SSS,0.7070760901220053,1
14,SSS,0,0
14,SSS,-0.35353804506100267,0
14,SSS,0.7070760901220053,1
14,SSS,0.35353804506100256,0
14,SSS,0.35353804506100256,1
14,SSS,-0.7070760901220053,0
14,SSS,-0.7070760901220053,0
14,SSS,0,1
14,SSS,0.35353804506100256,1
14,SSS,-0.35353804506100267,0
14,SSS,-0.35353804506100267,0
14,SSS,0,1
14,SSS,-0.7070760901220053,0
14,SSS,-0.7070760901220053,0
14,SSS,0,1
14,SSS,-0.7070760901220053,0
14,SSS,0.7070760901220053,1
14,SSS,-0.35353804506100267,0
14,SSS,-0.35353804506100267,0
14,SSS,0,0
14,SSS,-0.7070760901220053,0
14,SSS,-0.35353804506100267,1
14,SSS,-0.7070760901220053,0
14,SSS,-0.35353804506100267,0
14,SSS,0,0
14,SSS,0.35353804506100256,1
14,SSS,0.7070760901220053,1
14,SSS,-0.35353804506100267,0
14,SSS,0.7070760901220053,1
14,SSS,0.35353804506100256,1
14,SSS,0,0
14,SSS,0.35353804506100256,0
14,SSS,-0.35353804506100267,0
14,SSS,-0.35353804506100267,0
14,SSS,0.35353804506100256,0
14,SSS,0,0
14,SSS,0.7070760901220053,1
14,SSS,-0.7070760901220053,0
14,SSS,-0.35353804506100267,0
14,SSS,0.7070760901220053,1
14,SSS,0,1
14,SSS,0.7070760901220053,1
14,SSS,-0.35353804506100267,0
14,SSS,-0.7070760901220053,0
14,SSS,0.7070760901220053,1
14,SSS,0,1
14,SSS,0.7070760901220053,1
14,SSS,0.35353804506100256,1
14,SSS,0.35353804506100256,1
14,SSS,-0.7070760901220053,0
14,SSS,0,1
14,SSS,0,0
14,SSS,-0.35353804506100267,0
14,SSS,0,1
14,SSS,-0.7070760901220053,0
14,SSS,0,0
14,SSS,0.35353804506100256,0
14,SSS,-0.35353804506100267,0
14,SSS,0.35353804506100256,1
14,SSS,-0.35353804506100267,0
14,SSS,-0.35353804506100267,0
14,SSS,-0.7070760901220053,0
14,SSS,0.7070760901220053,1
14,SSS,0.7070760901220053,1
14,SSS,-0.7070760901220053,0
14,SSS,0.7070760901220053,1
14,SSS,-0.7070760901220053,0
14,SSS,0.35353804506100256,0
14,SSS,0.7070760901220053,1
14,SSS,0.35353804506100256,1
14,SSS,0,0
14,SSS,0.7070760901220053,1
14,SSS,-0.7070760901220053,0
15,SSS,0,0
15,SSS,0.35353804506100256,1
15,SSS,0,1
15,SSS,0.7070760901220053,1
15,SSS,0,0
15,SSS,-0.7070760901220053,1
15,SSS,0.35353804506100256,0
15,SSS,0,0
15,SSS,-0.35353804506100267,0
15,SSS,0.35353804506100256,0
15,SSS,0,1
15,SSS,0.35353804506100256,1
15,SSS,0.7070760901220053,1
15,SSS,-0.7070760901220053,0
15,SSS,-0.7070760901220053,0
15,SSS,0.35353804506100256,1
15,SSS,-0.35353804506100267,0
15,SSS,0,0
15,SSS,-0.35353804506100267,0
15,SSS,-0.35353804506100267,0
15,SSS,0.35353804506100256,1
15,SSS,0,1
15,SSS,0,1
15,SSS,0.7070760901220053,1
15,SSS,0.35353804506100256,1
15,SSS,0.7070760901220053,1
15,SSS,0.7070760901220053,1
15,SSS,-0.35353804506100267,0
15,SSS,-0.7070760901220053,0
15,SSS,-0.7070760901220053,0
15,SSS,0.7070760901220053,1
15,SSS,0.35353804506100256,0
15,SSS,0.7070760901220053,1
15,SSS,0.7070760901220053,1
15,SSS,0,0
15,SSS,-0.35353804506100267,0
15,SSS,0.7070760901220053,1
15,SSS,-0.7070760901220053,0
15,SSS,-0.35353804506100267,0
15,SSS,-0.35353804506100267,1
15,SSS,0.35353804506100256,1
15,SSS,0.35353804506100256,0
15,SSS,-0.7070760901220053,0
15,SSS,-0.7070760901220053,0
15,SSS,0.35353804506100256,0
15,SSS,-0.7070760901220053,0
15,SSS,0.7070760901220053,1
15,SSS,0,0
15,SSS,-0.35353804506100267,0
15,SSS,0.7070760901220053,1
15,SSS,0.35353804506100256,1
15,SSS,0.35353804506100256,1
15,SSS,-0.7070760901220053,0
15,SSS,-0.7070760901220053,0
15,SSS,0,1
15,SSS,0.35353804506100256,1
15,SSS,-0.35353804506100267,0
15,SSS,-0.35353804506100267,0
15,SSS,0,1
15,SSS,-0.7070760901220053,0
15,SSS,-0.7070760901220053,0
15,SSS,0,1
15,SSS,-0.7070760901220053,0
15,SSS,0.7070760901220053,1
15,SSS,-0.35353804506100267,0
15,SSS,-0.35353804506100267,0
15,SSS,0,0
15,SSS,-0.7070760901220053,0
15,SSS,-0.35353804506100267,0
15,SSS,-0.7070760901220053,0
15,SSS,-0.35353804506100267,0
15,SSS,0,0
15,SSS,0.35353804506100256,1
15,SSS,0.7070760901220053,1
15,SSS,-0.35353804506100267,0
15,SSS,0.7070760901220053,1
15,SSS,0.35353804506100256,1
15,SSS,0,1
15,SSS,0.35353804506100256,1
15,SSS,-0.35353804506100267,0
15,SSS,-0.35353804506100267,0
15,SSS,0.35353804506100256,1
15,SSS,0,0
15,SSS,0.7070760901220053,1
15,SSS,-0.7070760901220053,0
15,SSS,-0.35353804506100267,0
15,SSS,0.7070760901220053,1
15,SSS,0,0
15,SSS,0.7070760901220053,1
15,SSS,-0.35353804506100267,0
15,SSS,-0.7070760901220053,0
15,SSS,0.7070760901220053,1
15,SSS,0,0
15,SSS,0.7070760901220053,1
15,SSS,0.35353804506100256,0
15,SSS,0.35353804506100256,0
15,SSS,-0.7070760901220053,0
15,SSS,0,0
15,SSS,0,0
15,SSS,-0.35353804506100267,0
15,SSS,0,0
15,SSS,-0.7070760901220053,0
15,SSS,0,1
15,SSS,0.35353804506100256,0
15,SSS,-0.35353804506100267,0
15,SSS,0.35353804506100256,1
15,SSS,-0.35353804506100267,0
15,SSS,-0.35353804506100267,0
15,SSS,-0.7070760901220053,0
15,SSS,0.7070760901220053,1
15,SSS,0.7070760901220053,1
15,SSS,-0.7070760901220053,0
15,SSS,0.7070760901220053,1
15,SSS,-0.7070760901220053,0
15,SSS,0.35353804506100256,0
15,SSS,0.7070760901220053,1
15,SSS,0.35353804506100256,0
15,SSS,0,0
15,SSS,0.7070760901220053,1
15,SSS,-0.7070760901220053,0
16,SSS,0,0
16,SSS,0.35353804506100256,1
16,SSS,0,0
16,SSS,0.7070760901220053,0
16,SSS,0,0
16,SSS,-0.7070760901220053,0
16,SSS,0.35353804506100256,1
16,SSS,0,0
16,SSS,-0.35353804506100267,1
16,SSS,0.35353804506100256,1
16,SSS,0,1
16,SSS,0.35353804506100256,1
16,SSS,0.7070760901220053,1
16,SSS,-0.7070760901220053,0
16,SSS,-0.7070760901220053,0
16,SSS,0.35353804506100256,1
16,SSS,-0.35353804506100267,1
16,SSS,0,0
16,SSS,-0.35353804506100267,0
16,SSS,-0.35353804506100267,0
16,SSS,0.35353804506100256,0
16,SSS,0,0
16,SSS,0,1
16,SSS,0.7070760901220053,1
16,SSS,0.35353804506100256,1
16,SSS,0.7070760901220053,0
16,SSS,0.7070760901220053,1
16,SSS,-0.35353804506100267,0
16,SSS,-0.7070760901220053,0
16,SSS,-0.7070760901220053,0
16,SSS,0.7070760901220053,1
16,SSS,0.35353804506100256,0
16,SSS,0.7070760901220053,1
16,SSS,0.7070760901220053,1
16,SSS,0,0
16,SSS,-0.35353804506100267,1
16,SSS,0.7070760901220053,1
16,SSS,-0.7070760901220053,0
16,SSS,-0.35353804506100267,1
16,SSS,-0.35353804506100267,0
16,SSS,0.35353804506100256,1
16,SSS,0.35353804506100256,1
16,SSS,-0.7070760901220053,0
16,SSS,-0.7070760901220053,1
16,SSS,0.35353804506100256,1
16,SSS,-0.7070760901220053,0
16,SSS,0.7070760901220053,1
16,SSS,0,0
16,SSS,-0.35353804506100267,0
16,SSS,0.7070760901220053,1
16,SSS,0.35353804506100256,1
16,SSS,0.35353804506100256,1
16,SSS,-0.7070760901220053,0
16,SSS,-0.7070760901220053,0
16,SSS,0,1
16,SSS,0.35353804506100256,1
16,SSS,-0.35353804506100267,0
16,SSS,-0.35353804506100267,0
16,SSS,0,0
16,SSS,-0.7070760901220053,0
16,SSS,-0.7070760901220053,0
16,SSS,0,0
16,SSS,-0.7070760901220053,0
16,SSS,0.7070760901220053,1
16,SSS,-0.35353804506100267,0
16,SSS,-0.35353804506100267,1
16,SSS,0,1
16,SSS,-0.7070760901220053,1
16,SSS,-0.35353804506100267,0
16,SSS,-0.7070760901220053,0
16,SSS,-0.35353804506100267,1
16,SSS,0,1
16,SSS,0.35353804506100256,1
16,SSS,0.7070760901220053,1
16,SSS,-0.35353804506100267,0
16,SSS,0.7070760901220053,1
16,SSS,0.35353804506100256,1
16,SSS,0,0
16,SSS,0.35353804506100256,1
16,SSS,-0.35353804506100267,0
16,SSS,-0.35353804506100267,0
16,SSS,0.35353804506100256,1
16,SSS,0,0
16,SSS,0.7070760901220053,1
16,SSS,-0.7070760901220053,0
16,SSS,-0.35353804506100267,0
16,SSS,0.7070760901220053,1
16,SSS,0,0
16,SSS,0.7070760901220053,1
16,SSS,-0.35353804506100267,0
16,SSS,-0.7070760901220053,0
16,SSS,0.7070760901220053,1
16,SSS,0,1
16,SSS,0.7070760901220053,1
16,SSS,0.35353804506100256,1
16,SSS,0.35353804506100256,1
16,SSS,-0.7070760901220053,0
16,SSS,0,1
16,SSS,0,0
16,SSS,-0.35353804506100267,0
16,SSS,0,1
16,SSS,-0.7070760901220053,0
16,SSS,0,0
16,SSS,0.35353804506100256,0
16,SSS,-0.35353804506100267,0
16,SSS,0.35353804506100256,0
16,SSS,-0.35353804506100267,0
16,SSS,-0.35353804506100267,0
16,SSS,-0.7070760901220053,0
16,SSS,0.7070760901220053,0
16,SSS,0.7070760901220053,1
16,SSS,-0.7070760901220053,0
16,SSS,0.7070760901220053,1
16,SSS,-0.7070760901220053,0
16,SSS,0.35353804506100256,0
16,SSS,0.7070760901220053,0
16,SSS,0.35353804506100256,1
16,SSS,0,0
16,SSS,0.7070760901220053,1
16,SSS,-0.7070760901220053,1
17,SSS,0,1
17,SSS,0.35353804506100256,1
17,SSS,0,0
17,SSS,0.7070760901220053,1
17,SSS,0,0
17,SSS,-0.7070760901220053,1
17,SSS,0.35353804506100256,1
17,SSS,0,1
17,SSS,-0.35353804506100267,0
17,SSS,0.35353804506100256,1
17,SSS,0,1
17,SSS,0.35353804506100256,1
17,SSS,0.7070760901220053,1
17,SSS,-0.7070760901220053,0
17,SSS,-0.7070760901220053,0
17,SSS,0.35353804506100256,1
17,SSS,-0.35353804506100267,0
17,SSS,0,1
17,SSS,-0.35353804506100267,0
17,SSS,-0.35353804506100267,0
17,SSS,0.35353804506100256,1
17,SSS,0,0
17,SSS,0,0
17,SSS,0.7070760901220053,1
17,SSS,0.35353804506100256,1
17,SSS,0.7070760901220053,1
17,SSS,0.7070760901220053,1
17,SSS,-0.35353804506100267,0
17,SSS,-0.7070760901220053,0
17,SSS,-0.7070760901220053,0
17,SSS,0.7070760901220053,1
17,SSS,0.35353804506100256,1
17,SSS,0.7070760901220053,1
17,SSS,0.7070760901220053,1
17,SSS,0,0
17,SSS,-0.35353804506100267,0
17,SSS,0.7070760901220053,1
17,SSS,-0.7070760901220053,0
17,SSS,-0.35353804506100267,0
17,SSS,-0.35353804506100267,0
17,SSS,0.35353804506100256,1
17,SSS,0.35353804506100256,0
17,SSS,-0.7070760901220053,0
17,SSS,-0.7070760901220053,0
17,SSS,0.35353804506100256,1
17,SSS,-0.7070760901220053,0
17,SSS,0.7070760901220053,1
17,SSS,0,1
17,SSS,-0.35353804506100267,0
17,SSS,0.7070760901220053,1
17,SSS,0.35353804506100256,0
17,SSS,0.35353804506100256,0
17,SSS,-0.7070760901220053,0
17,SSS,-0.7070760901220053,0
17,SSS,0,0
17,SSS,0.35353804506100256,1
17,SSS,-0.35353804506100267,0
17,SSS,-0.35353804506100267,0
17,SSS,0,0
17,SSS,-0.7070760901220053,0
17,SSS,-0.7070760901220053,0
17,SSS,0,0
17,SSS,-0.7070760901220053,0
17,SSS,0.7070760901220053,1
17,SSS,-0.35353804506100267,1
17,SSS,-0.35353804506100267,0
17,SSS,0,0
17,SSS,-0.7070760901220053,0
17,SSS,-0.35353804506100267,0
17,SSS,-0.7070760901220053,0
17,SSS,-0.35353804506100267,0
17,SSS,0,0
17,SSS,0.35353804506100256,1
17,SSS,0.7070760901220053,1
17,SSS,-0.35353804506100267,0
17,SSS,0.7070760901220053,1
17,SSS,0.35353804506100256,1
17,SSS,0,1
17,SSS,0.35353804506100256,1
17,SSS,-0.35353804506100267,0
17,SSS,-0.35353804506100267,0
17,SSS,0.35353804506100256,1
17,SSS,0,0
17,SSS,0.7070760901220053,1
17,SSS,-0.7070760901220053,0
17,SSS,-0.35353804506100267,0
17,SSS,0.7070760901220053,1
17,SSS,0,1
17,SSS,0.7070760901220053,1
17,SSS,-0.35353804506100267,0
17,SSS,-0.7070760901220053,0
17,SSS,0.7070760901220053,1
17,SSS,0,1
17,SSS,0.7070760901220053,1
17,SSS,0.35353804506100256,1
17,SSS,0.35353804506100256,0
17,SSS,-0.7070760901220053,0
17,SSS,0,0
17,SSS,0,0
17,SSS,-0.35353804506100267,0
17,SSS,0,0
17,SSS,-0.7070760901220053,0
17,SSS,0,0
17,SSS,0.35353804506100256,0
17,SSS,-0.35353804506100267,0
17,SSS,0.35353804506100256,1
17,SSS,-0.35353804506100267,0
17,SSS,-0.35353804506100267,0
17,SSS,-0.7070760901220053,0
17,SSS,0.7070760901220053,1
17,SSS,0.7070760901220053,0
17,SSS,-0.7070760901220053,0
17,SSS,0.7070760901220053,1
17,SSS,-0.7070760901220053,0
17,SSS,0.35353804506100256,1
17,SSS,0.7070760901220053,1
17,SSS,0.35353804506100256,1
17,SSS,0,0
17,SSS,0.7070760901220053,1
17,SSS,-0.7070760901220053,0
18,SSS,0,0
18,SSS,0.35353804506100256,1
18,SSS,0,1
18,SSS,0.7070760901220053,1
18,SSS,0,0
18,SSS,-0.7070760901220053,1
18,SSS,0.35353804506100256,1
18,SSS,0,0
18,SSS,-0.35353804506100267,0
18,SSS,0.35353804506100256,1
18,SSS,0,0
18,SSS,0.35353804506100256,1
18,SSS,0.7070760901220053,1
18,SSS,-0.7070760901220053,0
18,SSS,-0.7070760901220053,0
18,SSS,0.35353804506100256,1
18,SSS,-0.35353804506100267,1
18,SSS,0,0
18,SSS,-0.35353804506100267,0
18,SSS,-0.35353804506100267,0
18,SSS,0.35353804506100256,1
18,SSS,0,1
18,SSS,0,1
18,SSS,0.7070760901220053,1
18,SSS,0.35353804506100256,1
18,SSS,0.7070760901220053,1
18,SSS,0.7070760901220053,1
18,SSS,-0.35353804506100267,0
18,SSS,-0.7070760901220053,0
18,SSS,-0.7070760901220053,0
18,SSS,0.7070760901220053,1
18,SSS,0.35353804506100256,1
18,SSS,0.7070760901220053,1
18,SSS,0.7070760901220053,1
18,SSS,0,0
18,SSS,-0.35353804506100267,0
18,SSS,0.7070760901220053,1
18,SSS,-0.7070760901220053,0
18,SSS,-0.35353804506100267,0
18,SSS,-0.35353804506100267,0
18,SSS,0.35353804506100256,1
18,SSS,0.35353804506100256,1
18,SSS,-0.7070760901220053,0
18,SSS,-0.7070760901220053,0
18,SSS,0.35353804506100256,1
18,SSS,-0.7070760901220053,0
18,SSS,0.7070760901220053,1
18,SSS,0,0
18,SSS,-0.35353804506100267,0
18,SSS,0.7070760901220053,1
18,SSS,0.35353804506100256,1
18,SSS,0.35353804506100256,0
18,SSS,-0.7070760901220053,0
18,SSS,-0.7070760901220053,0
18,SSS,0,1
18,SSS,0.35353804506100256,0
18,SSS,-0.35353804506100267,0
18,SSS,-0.35353804506100267,0
18,SSS,0,0
18,SSS,-0.7070760901220053,0
18,SSS,-0.7070760901220053,0
18,SSS,0,1
18,SSS,-0.7070760901220053,0
18,SSS,0.7070760901220053,1
18,SSS,-0.35353804506100267,0
18,SSS,-0.35353804506100267,0
18,SSS,0,0
18,SSS,-0.7070760901220053,0
18,SSS,-0.35353804506100267,0
18,SSS,-0.7070760901220053,0
18,SSS,-0.35353804506100267,0
18,SSS,0,0
18,SSS,0.35353804506100256,1
18,SSS,0.7070760901220053,1
18,SSS,-0.35353804506100267,0
18,SSS,0.7070760901220053,1
18,SSS,0.35353804506100256,1
18,SSS,0,0
18,SSS,0.35353804506100256,0
18,SSS,-0.35353804506100267,0
18,SSS,-0.35353804506100267,0
18,SSS,0.35353804506100256,1
18,SSS,0,1
18,SSS,0.7070760901220053,1
18,SSS,-0.7070760901220053,0
18,SSS,-0.35353804506100267,0
18,SSS,0.7070760901220053,1
18,SSS,0,0
18,SSS,0.7070760901220053,1
18,SSS,-0.35353804506100267,0
18,SSS,-0.7070760901220053,0
18,SSS,0.7070760901220053,1
18,SSS,0,0
18,SSS,0.7070760901220053,1
18,SSS,0.35353804506100256,1
18,SSS,0.35353804506100256,1
18,SSS,-0.7070760901220053,0
18,SSS,0,0
18,SSS,0,0
18,SSS,-0.35353804506100267,0
18,SSS,0,1
18,SSS,-0.7070760901220053,0
18,SSS,0,0
18,SSS,0.35353804506100256,0
18,SSS,-0.35353804506100267,0
18,SSS,0.35353804506100256,1
18,SSS,-0.35353804506100267,0
18,SSS,-0.35353804506100267,0
18,SSS,-0.7070760901220053,0
18,SSS,0.7070760901220053,1
18,SSS,0.7070760901220053,1
18,SSS,-0.7070760901220053,0
18,SSS,0.7070760901220053,1
18,SSS,-0.7070760901220053,0
18,SSS,0.35353804506100256,1
18,SSS,0.7070760901220053,1
18,SSS,0.35353804506100256,0
18,SSS,0,1
18,SSS,0.7070760901220053,1
18,SSS,-0.7070760901220053,0
19,SSS,0,0
19,SSS,0.35353804506100256,0
19,SSS,0,0
19,SSS,0.7070760901220053,1
19,SSS,0,0
19,SSS,-0.7070760901220053,0
19,SSS,0.35353804506100256,1
19,SSS,0,0
19,SSS,-0.35353804506100267,1
19,SSS,0.35353804506100256,1
19,SSS,0,0
19,SSS,0.35353804506100256,1
19,SSS,0.7070760901220053,1
19,SSS,-0.7070760901220053,0
19,SSS,-0.7070760901220053,0
19,SSS,0.35353804506100256,0
19,SSS,-0.35353804506100267,0
19,SSS,0,1
19,SSS,-0.35353804506100267,0
19,SSS,-0.35353804506100267,0
19,SSS,0.35353804506100256,1
19,SSS,0,1
19,SSS,0,0
19,SSS,0.7070760901220053,1
19,SSS,0.35353804506100256,1
19,SSS,0.7070760901220053,1
19,SSS,0.7070760901220053,1
19,SSS,-0.35353804506100267,0
19,SSS,-0.7070760901220053,0
19,SSS,-0.7070760901220053,0
19,SSS,0.7070760901220053,1
19,SSS,0.35353804506100256,0
19,SSS,0.7070760901220053,1
19,SSS,0.7070760901220053,1
19,SSS,0,0
19,SSS,-0.35353804506100267,0
19,SSS,0.7070760901220053,1
19,SSS,-0.7070760901220053,0
19,SSS,-0.35353804506100267,1
19,SSS,-0.35353804506100267,0
19,SSS,0.35353804506100256,1
19,SSS,0.35353804506100256,1
19,SSS,-0.7070760901220053,0
19,SSS,-0.7070760901220053,0
19,SSS,0.35353804506100256,1
19,SSS,-0.7070760901220053,0
19,SSS,0.7070760901220053,1
19,SSS,0,1
19,SSS,-0.35353804506100267,0
19,SSS,0.7070760901220053,1
19,SSS,0.35353804506100256,1
19,SSS,0.35353804506100256,1
19,SSS,-0.7070760901220053,0
19,SSS,-0.7070760901220053,0
19,SSS,0,1
19,SSS,0.35353804506100256,1
19,SSS,-0.35353804506100267,0
19,SSS,-0.35353804506100267,0
19,SSS,0,0
19,SSS,-0.7070760901220053,0
19,SSS,-0.7070760901220053,0
19,SSS,0,1
19,SSS,-0.7070760901220053,0
19,SSS,0.7070760901220053,1
19,SSS,-0.35353804506100267,0
19,SSS,-0.35353804506100267,0
19,SSS,0,0
19,SSS,-0.7070760901220053,0
19,SSS,-0.35353804506100267,0
19,SSS,-0.7070760901220053,0
19,SSS,-0.35353804506100267,0
19,SSS,0,0
19,SSS,0.35353804506100256,0
19,SSS,0.7070760901220053,1
19,SSS,-0.35353804506100267,0
19,SSS,0.7070760901220053,1
19,SSS,0.35353804506100256,1
19,SSS,0,1
19,SSS,0.35353804506100256,1
19,SSS,-0.35353804506100267,0
19,SSS,-0.35353804506100267,0
19,SSS,0.35353804506100256,1
19,SSS,0,1
19,SSS,0.7070760901220053,1
19,SSS,-0.7070760901220053,0
19,SSS,-0.35353804506100267,0
19,SSS,0.7070760901220053,1
19,SSS,0,0
19,SSS,0.7070760901220053,1
19,SSS,-0.35353804506100267,0
19,SSS,-0.7070760901220053,0
19,SSS,0.7070760901220053,1
19,SSS,0,1
19,SSS,0.7070760901220053,1
19,SSS,0.35353804506100256,1
19,SSS,0.35353804506100256,1
19,SSS,-0.7070760901220053,0
19,SSS,0,0
19,SSS,0,0
19,SSS,-0.35353804506100267,1
19,SSS,0,0
19,SSS,-0.7070760901220053,0
19,SSS,0,0
19,SSS,0.35353804506100256,0
19,SSS,-0.35353804506100267,0
19,SSS,0.35353804506100256,1
19,SSS,-0.35353804506100267,0
19,SSS,-0.35353804506100267,0
19,SSS,-0.7070760901220053,0
19,SSS,0.7070760901220053,1
19,SSS,0.7070760901220053,1
19,SSS,-0.7070760901220053,0
19,SSS,0.7070760901220053,1
19,SSS,-0.7070760901220053,0
19,SSS,0.35353804506100256,1
19,SSS,0.7070760901220053,1
19,SSS,0.35353804506100256,1
19,SSS,0,0
19,SSS,0.7070760901220053,1
19,SSS,-0.7070760901220053,0
20,SSS,0,0
20,SSS,0.35353804506100256,1
20,SSS,0,0
20,SSS,0.7070760901220053,1
20,SSS,0,0
20,SSS,-0.7070760901220053,0
20,SSS,0.35353804506100256,0
20,SSS,0,0
20,SSS,-0.35353804506100267,0
20,SSS,0.35353804506100256,1
20,SSS,0,1
20,SSS,0.35353804506100256,1
20,SSS,0.7070760901220053,1
20,SSS,-0.7070760901220053,0
20,SSS,-0.7070760901220053,0
20,SSS,0.35353804506100256,1
20,SSS,-0.35353804506100267,0
20,SSS,0,1
20,SSS,-0.35353804506100267,0
20,SSS,-0.35353804506100267,0
20,SSS,0.35353804506100256,1
20,SSS,0,0
20,SSS,0,0
20,SSS,0.7070760901220053,1
20,SSS,0.35353804506100256,1
20,SSS,0.7070760901220053,1
20,SSS,0.7070760901220053,1
20,SSS,-0.35353804506100267,1
20,SSS,-0.7070760901220053,0
20,SSS,-0.7070760901220053,0
20,SSS,0.7070760901220053,1
20,SSS,0.35353804506100256,1
20,SSS,0.7070760901220053,0
20,SSS,0.7070760901220053,1
20,SSS,0,0
20,SSS,-0.35353804506100267,0
20,SSS,0.7070760901220053,1
20,SSS,-0.7070760901220053,0
20,SSS,-0.35353804506100267,0
20,SSS,-0.35353804506100267,0
20,SSS,0.35353804506100256,0
20,SSS,0.35353804506100256,0
20,SSS,-0.7070760901220053,0
20,SSS,-0.7070760901220053,0
20,SSS,0.35353804506100256,0
20,SSS,-0.7070760901220053,0
20,SSS,0.7070760901220053,1
20,SSS,0,0
20,SSS,-0.35353804506100267,1
20,SSS,0.7070760901220053,0
20,SSS,0.35353804506100256,0
20,SSS,0.35353804506100256,1
20,SSS,-0.7070760901220053,0
20,SSS,-0.7070760901220053,0
20,SSS,0,1
20,SSS,0.35353804506100256,1
20,SSS,-0.35353804506100267,0
20,SSS,-0.35353804506100267,0
20,SSS,0,0
20,SSS,-0.7070760901220053,0
20,SSS,-0.7070760901220053,0
20,SSS,0,0
20,SSS,-0.7070760901220053,0
20,SSS,0.7070760901220053,1
20,SSS,-0.35353804506100267,0
20,SSS,-0.35353804506100267,0
20,SSS,0,0
20,SSS,-0.7070760901220053,0
20,SSS,-0.35353804506100267,0
20,SSS,-0.7070760901220053,0
20,SSS,-0.35353804506100267,0
20,SSS,0,0
20,SSS,0.35353804506100256,1
20,SSS,0.7070760901220053,1
20,SSS,-0.35353804506100267,0
20,SSS,0.7070760901220053,1
20,SSS,0.35353804506100256,0
20,SSS,0,0
20,SSS,0.35353804506100256,0
20,SSS,-0.35353804506100267,0
20,SSS,-0.35353804506100267,0
20,SSS,0.35353804506100256,0
20,SSS,0,0
20,SSS,0.7070760901220053,1
20,SSS,-0.7070760901220053,0
20,SSS,-0.35353804506100267,0
20,SSS,0.7070760901220053,0
20,SSS,0,0
20,SSS,0.7070760901220053,1
20,SSS,-0.35353804506100267,0
20,SSS,-0.7070760901220053,0
20,SSS,0.7070760901220053,1
20,SSS,0,1
20,SSS,0.7070760901220053,1
20,SSS,0.35353804506100256,1
20,SSS,0.35353804506100256,0
20,SSS,-0.7070760901220053,0
20,SSS,0,0
20,SSS,0,0
20,SSS,-0.35353804506100267,0
20,SSS,0,0
20,SSS,-0.7070760901220053,0
20,SSS,0,0
20,SSS,0.35353804506100256,0
20,SSS,-0.35353804506100267,0
20,SSS,0.35353804506100256,1
20,SSS,-0.35353804506100267,0
20,SSS,-0.35353804506100267,0
20,SSS,-0.7070760901220053,0
20,SSS,0.7070760901220053,1
20,SSS,0.7070760901220053,1
20,SSS,-0.7070760901220053,0
20,SSS,0.7070760901220053,1
20,SSS,-0.7070760901220053,0
20,SSS,0.35353804506100256,0
20,SSS,0.7070760901220053,1
20,SSS,0.35353804506100256,0
20,SSS,0,0
20,SSS,0.7070760901220053,1
20,SSS,-0.7070760901220053,0
21,SSS,0,1
21,SSS,0.35353804506100256,1
21,SSS,0,1
21,SSS,0.7070760901220053,1
21,SSS,0,1
21,SSS,-0.7070760901220053,0
21,SSS,0.35353804506100256,1
21,SSS,0,1
21,SSS,-0.35353804506100267,0
21,SSS,0.35353804506100256,1
21,SSS,0,1
21,SSS,0.35353804506100256,1
21,SSS,0.7070760901220053,1
21,SSS,-0.7070760901220053,0
21,SSS,-0.7070760901220053,0
21,SSS,0.35353804506100256,1
21,SSS,-0.35353804506100267,0
21,SSS,0,0
21,SSS,-0.35353804506100267,1
21,SSS,-0.35353804506100267,1
21,SSS,0.35353804506100256,1
21,SSS,0,0
21,SSS,0,1
21,SSS,0.7070760901220053,1
21,SSS,0.35353804506100256,1
21,SSS,0.7070760901220053,1
21,SSS,0.7070760901220053,1
21,SSS,-0.35353804506100267,0
21,SSS,-0.7070760901220053,0
21,SSS,-0.7070760901220053,0
21,SSS,0.7070760901220053,1
21,SSS,0.35353804506100256,1
21,SSS,0.7070760901220053,1
21,SSS,0.7070760901220053,1
21,SSS,0,1
21,SSS,-0.35353804506100267,0
21,SSS,0.7070760901220053,1
21,SSS,-0.7070760901220053,0
21,SSS,-0.35353804506100267,0
21,SSS,-0.35353804506100267,1
21,SSS,0.35353804506100256,0
21,SSS,0.35353804506100256,1
21,SSS,-0.7070760901220053,0
21,SSS,-0.7070760901220053,0
21,SSS,0.35353804506100256,1
21,SSS,-0.7070760901220053,0
21,SSS,0.7070760901220053,1
21,SSS,0,1
21,SSS,-0.35353804506100267,0
21,SSS,0.7070760901220053,1
21,SSS,0.35353804506100256,1
21,SSS,0.35353804506100256,1
21,SSS,-0.7070760901220053,0
21,SSS,-0.7070760901220053,0
21,SSS,0,1
21,SSS,0.35353804506100256,1
21,SSS,-0.35353804506100267,0
21,SSS,-0.35353804506100267,0
21,SSS,0,1
21,SSS,-0.7070760901220053,0
21,SSS,-0.7070760901220053,1
21,SSS,0,1
21,SSS,-0.7070760901220053,0
21,SSS,0.7070760901220053,1
21,SSS,-0.35353804506100267,1
21,SSS,-0.35353804506100267,1
21,SSS,0,1
21,SSS,-0.7070760901220053,0
21,SSS,-0.35353804506100267,0
21,SSS,-0.7070760901220053,0
21,SSS,-0.35353804506100267,0
21,SSS,0,1
21,SSS,0.35353804506100256,1
21,SSS,0.7070760901220053,1
21,SSS,-0.35353804506100267,0
21,SSS,0.7070760901220053,1
21,SSS,0.35353804506100256,1
21,SSS,0,1
21,SSS,0.35353804506100256,1
21,SSS,-0.35353804506100267,1
21,SSS,-0.35353804506100267,0
21,SSS,0.35353804506100256,1
21,SSS,0,1
21,SSS,0.7070760901220053,1
21,SSS,-0.7070760901220053,1
21,SSS,-0.35353804506100267,0
21,SSS,0.7070760901220053,1
21,SSS,0,1
21,SSS,0.7070760901220053,1
21,SSS,-0.35353804506100267,0
21,SSS,-0.7070760901220053,0
21,SSS,0.7070760901220053,1
21,SSS,0,1
21,SSS,0.7070760901220053,1
21,SSS,0.35353804506100256,1
21,SSS,0.35353804506100256,1
21,SSS,-0.7070760901220053,0
21,SSS,0,1
21,SSS,0,1
21,SSS,-0.35353804506100267,0
21,SSS,0,1
21,SSS,-0.7070760901220053,0
21,SSS,0,1
21,SSS,0.35353804506100256,1
21,SSS,-0.35353804506100267,1
21,SSS,0.35353804506100256,1
21,SSS,-0.35353804506100267,0
21,SSS,-0.35353804506100267,0
21,SSS,-0.7070760901220053,0
21,SSS,0.7070760901220053,1
21,SSS,0.7070760901220053,1
21,SSS,-0.7070760901220053,0
21,SSS,0.7070760901220053,1
21,SSS,-0.7070760901220053,0
21,SSS,0.35353804506100256,1
21,SSS,0.7070760901220053,1
21,SSS,0.35353804506100256,1
21,SSS,0,1
21,SSS,0.7070760901220053,1
21,SSS,-0.7070760901220053,0
22,SSS,0,1
22,SSS,0.35353804506100256,0
22,SSS,0,1
22,SSS,0.7070760901220053,1
22,SSS,0,0
22,SSS,-0.7070760901220053,0
22,SSS,0.35353804506100256,1
22,SSS,0,0
22,SSS,-0.35353804506100267,0
22,SSS,0.35353804506100256,0
22,SSS,0,1
22,SSS,0.35353804506100256,1
22,SSS,0.7070760901220053,1
22,SSS,-0.7070760901220053,0
22,SSS,-0.7070760901220053,0
22,SSS,0.35353804506100256,1
22,SSS,-0.35353804506100267,0
22,SSS,0,1
22,SSS,-0.35353804506100267,0
22,SSS,-0.35353804506100267,0
22,SSS,0.35353804506100256,1
22,SSS,0,1
22,SSS,0,1
22,SSS,0.7070760901220053,1
22,SSS,0.35353804506100256,1
22,SSS,0.7070760901220053,1
22,SSS,0.7070760901220053,1
22,SSS,-0.35353804506100267,0
22,SSS,-0.7070760901220053,0
22,SSS,-0.7070760901220053,0
22,SSS,0.7070760901220053,1
22,SSS,0.35353804506100256,1
22,SSS,0.7070760901220053,1
22,SSS,0.7070760901220053,1
22,SSS,0,0
22,SSS,-0.35353804506100267,0
22,SSS,0.7070760901220053,1
22,SSS,-0.7070760901220053,0
22,SSS,-0.35353804506100267,0
22,SSS,-0.35353804506100267,0
22,SSS,0.35353804506100256,1
22,SSS,0.35353804506100256,1
22,SSS,-0.7070760901220053,0
22,SSS,-0.7070760901220053,0
22,SSS,0.35353804506100256,1
22,SSS,-0.7070760901220053,0
22,SSS,0.7070760901220053,1
22,SSS,0,1
22,SSS,-0.35353804506100267,0
22,SSS,0.7070760901220053,1
22,SSS,0.35353804506100256,1
22,SSS,0.35353804506100256,1
22,SSS,-0.7070760901220053,0
22,SSS,-0.7070760901220053,0
22,SSS,0,1
22,SSS,0.35353804506100256,1
22,SSS,-0.35353804506100267,0
22,SSS,-0.35353804506100267,0
22,SSS,0,1
22,SSS,-0.7070760901220053,0
22,SSS,-0.7070760901220053,0
22,SSS,0,0
22,SSS,-0.7070760901220053,0
22,SSS,0.7070760901220053,1
22,SSS,-0.35353804506100267,0
22,SSS,-0.35353804506100267,0
22,SSS,0,1
22,SSS,-0.7070760901220053,0
22,SSS,-0.35353804506100267,0
22,SSS,-0.7070760901220053,0
22,SSS,-0.35353804506100267,0
22,SSS,0,1
22,SSS,0.35353804506100256,0
22,SSS,0.7070760901220053,1
22,SSS,-0.35353804506100267,0
22,SSS,0.7070760901220053,1
22,SSS,0.35353804506100256,1
22,SSS,0,1
22,SSS,0.35353804506100256,1
22,SSS,-0.35353804506100267,0
22,SSS,-0.35353804506100267,0
22,SSS,0.35353804506100256,0
22,SSS,0,0
22,SSS,0.7070760901220053,1
22,SSS,-0.7070760901220053,0
22,SSS,-0.35353804506100267,0
22,SSS,0.7070760901220053,1
22,SSS,0,1
22,SSS,0.7070760901220053,1
22,SSS,-0.35353804506100267,0
22,SSS,-0.7070760901220053,0
22,SSS,0.7070760901220053,1
22,SSS,0,0
22,SSS,0.7070760901220053,1
22,SSS,0.35353804506100256,1
22,SSS,0.35353804506100256,1
22,SSS,-0.7070760901220053,0
22,SSS,0,0
22,SSS,0,0
22,SSS,-0.35353804506100267,0
22,SSS,0,0
22,SSS,-0.7070760901220053,0
22,SSS,0,0
22,SSS,0.35353804506100256,0
22,SSS,-0.35353804506100267,1
22,SSS,0.35353804506100256,1
22,SSS,-0.35353804506100267,0
22,SSS,-0.35353804506100267,0
22,SSS,-0.7070760901220053,0
22,SSS,0.7070760901220053,1
22,SSS,0.7070760901220053,1
22,SSS,-0.7070760901220053,0
22,SSS,0.7070760901220053,1
22,SSS,-0.7070760901220053,0
22,SSS,0.35353804506100256,1
22,SSS,0.7070760901220053,1
22,SSS,0.35353804506100256,1
22,SSS,0,1
22,SSS,0.7070760901220053,1
22,SSS,-0.7070760901220053,0
23,SSS,0,0
23,SSS,0.35353804506100256,1
23,SSS,0,0
23,SSS,0.7070760901220053,1
23,SSS,0,1
23,SSS,-0.7070760901220053,0
23,SSS,0.35353804506100256,1
23,SSS,0,0
23,SSS,-0.35353804506100267,0
23,SSS,0.35353804506100256,0
23,SSS,0,0
23,SSS,0.35353804506100256,1
23,SSS,0.7070760901220053,1
23,SSS,-0.7070760901220053,0
23,SSS,-0.7070760901220053,0
23,SSS,0.35353804506100256,1
23,SSS,-0.35353804506100267,1
23,SSS,0,0
23,SSS,-0.35353804506100267,0
23,SSS,-0.35353804506100267,0
23,SSS,0.35353804506100256,0
23,SSS,0,1
23,SSS,0,0
23,SSS,0.7070760901220053,1
23,SSS,0.35353804506100256,1
23,SSS,0.7070760901220053,1
23,SSS,0.7070760901220053,1
23,SSS,-0.35353804506100267,0
23,SSS,-0.7070760901220053,0
23,SSS,-0.7070760901220053,0
23,SSS,0.7070760901220053,1
23,SSS,0.35353804506100256,1
23,SSS,0.7070760901220053,1
23,SSS,0.7070760901220053,1
23,SSS,0,0
23,SSS,-0.35353804506100267,1
23,SSS,0.7070760901220053,1
23,SSS,-0.7070760901220053,0
23,SSS,-0.35353804506100267,0
23,SSS,-0.35353804506100267,0
23,SSS,0.35353804506100256,1
23,SSS,0.35353804506100256,1
23,SSS,-0.7070760901220053,0
23,SSS,-0.7070760901220053,0
23,SSS,0.35353804506100256,1
23,SSS,-0.7070760901220053,0
23,SSS,0.7070760901220053,1
23,SSS,0,1
23,SSS,-0.35353804506100267,1
23,SSS,0.7070760901220053,1
23,SSS,0.35353804506100256,1
23,SSS,0.35353804506100256,1
23,SSS,-0.7070760901220053,0
23,SSS,-0.7070760901220053,0
23,SSS,0,1
23,SSS,0.35353804506100256,1
23,SSS,-0.35353804506100267,0
23,SSS,-0.35353804506100267,1
23,SSS,0,1
23,SSS,-0.7070760901220053,0
23,SSS,-0.7070760901220053,0
23,SSS,0,0
23,SSS,-0.7070760901220053,0
23,SSS,0.7070760901220053,0
23,SSS,-0.35353804506100267,0
23,SSS,-0.35353804506100267,0
23,SSS,0,1
23,SSS,-0.7070760901220053,0
23,SSS,-0.35353804506100267,0
23,SSS,-0.7070760901220053,0
23,SSS,-0.35353804506100267,0
23,SSS,0,0
23,SSS,0.35353804506100256,1
23,SSS,0.7070760901220053,1
23,SSS,-0.35353804506100267,0
23,SSS,0.7070760901220053,1
23,SSS,0.35353804506100256,1
23,SSS,0,1
23,SSS,0.35353804506100256,1
23,SSS,-0.35353804506100267,1
23,SSS,-0.35353804506100267,0
23,SSS,0.35353804506100256,1
23,SSS,0,1
23,SSS,0.7070760901220053,1
23,SSS,-0.7070760901220053,0
23,SSS,-0.35353804506100267,1
23,SSS,0.7070760901220053,1
23,SSS,0,1
23,SSS,0.7070760901220053,1
23,SSS,-0.35353804506100267,0
23,SSS,-0.7070760901220053,0
23,SSS,0.7070760901220053,0
23,SSS,0,0
23,SSS,0.7070760901220053,1
23,SSS,0.35353804506100256,1
23,SSS,0.35353804506100256,1
23,SSS,-0.7070760901220053,0
23,SSS,0,0
23,SSS,0,1
23,SSS,-0.35353804506100267,0
23,SSS,0,1
23,SSS,-0.7070760901220053,0
23,SSS,0,0
23,SSS,0.35353804506100256,1
23,SSS,-0.35353804506100267,0
23,SSS,0.35353804506100256,0
23,SSS,-0.35353804506100267,0
23,SSS,-0.35353804506100267,1
23,SSS,-0.7070760901220053,0
23,SSS,0.7070760901220053,1
23,SSS,0.7070760901220053,1
23,SSS,-0.7070760901220053,0
23,SSS,0.7070760901220053,1
23,SSS,-0.7070760901220053,0
23,SSS,0.35353804506100256,1
23,SSS,0.7070760901220053,1
23,SSS,0.35353804506100256,0
23,SSS,0,0
23,SSS,0.7070760901220053,1
23,SSS,-0.7070760901220053,0
24,SSS,0,0
24,SSS,0.35353804506100256,1
24,SSS,0,0
24,SSS,0.7070760901220053,1
24,SSS,0,0
24,SSS,-0.7070760901220053,0
24,SSS,0.35353804506100256,0
24,SSS,0,0
24,SSS,-0.35353804506100267,0
24,SSS,0.35353804506100256,0
24,SSS,0,0
24,SSS,0.35353804506100256,0
24,SSS,0.7070760901220053,0
24,SSS,-0.7070760901220053,0
24,SSS,-0.7070760901220053,0
24,SSS,0.35353804506100256,0
24,SSS,-0.35353804506100267,0
24,SSS,0,0
24,SSS,-0.35353804506100267,0
24,SSS,-0.35353804506100267,0
24,SSS,0.35353804506100256,0
24,SSS,0,0
24,SSS,0,1
24,SSS,0.7070760901220053,1
24,SSS,0.35353804506100256,1
24,SSS,0.7070760901220053,1
24,SSS,0.7070760901220053,0
24,SSS,-0.35353804506100267,0
24,SSS,-0.7070760901220053,0
24,SSS,-0.7070760901220053,0
24,SSS,0.7070760901220053,1
24,SSS,0.35353804506100256,0
24,SSS,0.7070760901220053,1
24,SSS,0.7070760901220053,1
24,SSS,0,0
24,SSS,-0.35353804506100267,0
24,SSS,0.7070760901220053,1
24,SSS,-0.7070760901220053,0
24,SSS,-0.35353804506100267,1
24,SSS,-0.35353804506100267,0
24,SSS,0.35353804506100256,0
24,SSS,0.35353804506100256,0
24,SSS,-0.7070760901220053,0
24,SSS,-0.7070760901220053,0
24,SSS,0.35353804506100256,0
24,SSS,-0.7070760901220053,0
24,SSS,0.7070760901220053,1
24,SSS,0,0
24,SSS,-0.35353804506100267,0
24,SSS,0.7070760901220053,1
24,SSS,0.35353804506100256,1
24,SSS,0.35353804506100256,1
24,SSS,-0.7070760901220053,0
24,SSS,-0.7070760901220053,0
24,SSS,0,0
24,SSS,0.35353804506100256,0
24,SSS,-0.35353804506100267,0
24,SSS,-0.35353804506100267,0
24,SSS,0,0
24,SSS,-0.7070760901220053,0
24,SSS,-0.7070760901220053,0
24,SSS,0,0
24,SSS,-0.7070760901220053,0
24,SSS,0.7070760901220053,1
24,SSS,-0.35353804506100267,0
24,SSS,-0.35353804506100267,0
24,SSS,0,0
24,SSS,-0.7070760901220053,0
24,SSS,-0.35353804506100267,0
24,SSS,-0.7070760901220053,0
24,SSS,-0.35353804506100267,0
24,SSS,0,0
24,SSS,0.35353804506100256,1
24,SSS,0.7070760901220053,0
24,SSS,-0.35353804506100267,0
24,SSS,0.7070760901220053,1
24,SSS,0.35353804506100256,0
24,SSS,0,0
24,SSS,0.35353804506100256,1
24,SSS,-0.35353804506100267,0
24,SSS,-0.35353804506100267,0
24,SSS,0.35353804506100256,0
24,SSS,0,0
24,SSS,0.7070760901220053,1
24,SSS,-0.7070760901220053,0
24,SSS,-0.35353804506100267,0
24,SSS,0.7070760901220053,1
24,SSS,0,0
24,SSS,0.7070760901220053,1
24,SSS,-0.35353804506100267,0
24,SSS,-0.7070760901220053,0
24,SSS,0.7070760901220053,1
24,SSS,0,1
24,SSS,0.7070760901220053,1
24,SSS,0.35353804506100256,1
24,SSS,0.35353804506100256,1
24,SSS,-0.7070760901220053,0
24,SSS,0,0
24,SSS,0,0
24,SSS,-0.35353804506100267,0
24,SSS,0,0
24,SSS,-0.7070760901220053,0
24,SSS,0,0
24,SSS,0.35353804506100256,0
24,SSS,-0.35353804506100267,0
24,SSS,0.35353804506100256,0
24,SSS,-0.35353804506100267,0
24,SSS,-0.35353804506100267,0
24,SSS,-0.7070760901220053,0
24,SSS,0.7070760901220053,1
24,SSS,0.7070760901220053,1
24,SSS,-0.7070760901220053,0
24,SSS,0.7070760901220053,1
24,SSS,-0.7070760901220053,0
24,SSS,0.35353804506100256,1
24,SSS,0.7070760901220053,1
24,SSS,0.35353804506100256,1
24,SSS,0,1
24,SSS,0.7070760901220053,1
24,SSS,-0.7070760901220053,0
26,SSS,0,1
26,SSS,0.35353804506100256,1
26,SSS,0,0
26,SSS,0.7070760901220053,1
26,SSS,0,0
26,SSS,-0.7070760901220053,0
26,SSS,0.35353804506100256,0
26,SSS,0,1
26,SSS,-0.35353804506100267,0
26,SSS,0.35353804506100256,1
26,SSS,0,0
26,SSS,0.35353804506100256,1
26,SSS,0.7070760901220053,1
26,SSS,-0.7070760901220053,0
26,SSS,-0.7070760901220053,1
26,SSS,0.35353804506100256,0
26,SSS,-0.35353804506100267,0
26,SSS,0,0
26,SSS,-0.35353804506100267,0
26,SSS,-0.35353804506100267,0
26,SSS,0.35353804506100256,0
26,SSS,0,1
26,SSS,0,0
26,SSS,0.7070760901220053,1
26,SSS,0.35353804506100256,1
26,SSS,0.7070760901220053,1
26,SSS,0.7070760901220053,1
26,SSS,-0.35353804506100267,0
26,SSS,-0.7070760901220053,0
26,SSS,-0.7070760901220053,0
26,SSS,0.7070760901220053,1
26,SSS,0.35353804506100256,0
26,SSS,0.7070760901220053,1
26,SSS,0.7070760901220053,1
26,SSS,0,0
26,SSS,-0.35353804506100267,0
26,SSS,0.7070760901220053,1
26,SSS,-0.7070760901220053,0
26,SSS,-0.35353804506100267,0
26,SSS,-0.35353804506100267,0
26,SSS,0.35353804506100256,1
26,SSS,0.35353804506100256,0
26,SSS,-0.7070760901220053,0
26,SSS,-0.7070760901220053,0
26,SSS,0.35353804506100256,0
26,SSS,-0.7070760901220053,0
26,SSS,0.7070760901220053,1
26,SSS,0,0
26,SSS,-0.35353804506100267,0
26,SSS,0.7070760901220053,1
26,SSS,0.35353804506100256,1
26,SSS,0.35353804506100256,0
26,SSS,-0.7070760901220053,0
26,SSS,-0.7070760901220053,0
26,SSS,0,0
26,SSS,0.35353804506100256,1
26,SSS,-0.35353804506100267,0
26,SSS,-0.35353804506100267,0
26,SSS,0,0
26,SSS,-0.7070760901220053,0
26,SSS,-0.7070760901220053,0
26,SSS,0,0
26,SSS,-0.7070760901220053,0
26,SSS,0.7070760901220053,1
26,SSS,-0.35353804506100267,0
26,SSS,-0.35353804506100267,0
26,SSS,0,1
26,SSS,-0.7070760901220053,0
26,SSS,-0.35353804506100267,1
26,SSS,-0.7070760901220053,0
26,SSS,-0.35353804506100267,0
26,SSS,0,0
26,SSS,0.35353804506100256,1
26,SSS,0.7070760901220053,1
26,SSS,-0.35353804506100267,0
26,SSS,0.7070760901220053,1
26,SSS,0.35353804506100256,1
26,SSS,0,0
26,SSS,0.35353804506100256,0
26,SSS,-0.35353804506100267,0
26,SSS,-0.35353804506100267,0
26,SSS,0.35353804506100256,0
26,SSS,0,0
26,SSS,0.7070760901220053,1
26,SSS,-0.7070760901220053,1
26,SSS,-0.35353804506100267,0
26,SSS,0.7070760901220053,0
26,SSS,0,0
26,SSS,0.7070760901220053,1
26,SSS,-0.35353804506100267,1
26,SSS,-0.7070760901220053,0
26,SSS,0.7070760901220053,1
26,SSS,0,0
26,SSS,0.7070760901220053,1
26,SSS,0.35353804506100256,1
26,SSS,0.35353804506100256,0
26,SSS,-0.7070760901220053,0
26,SSS,0,0
26,SSS,0,0
26,SSS,-0.35353804506100267,0
26,SSS,0,0
26,SSS,-0.7070760901220053,0
26,SSS,0,1
26,SSS,0.35353804506100256,1
26,SSS,-0.35353804506100267,1
26,SSS,0.35353804506100256,0
26,SSS,-0.35353804506100267,0
26,SSS,-0.35353804506100267,0
26,SSS,-0.7070760901220053,0
26,SSS,0.7070760901220053,1
26,SSS,0.7070760901220053,1
26,SSS,-0.7070760901220053,1
26,SSS,0.7070760901220053,1
26,SSS,-0.7070760901220053,0
26,SSS,0.35353804506100256,1
26,SSS,0.7070760901220053,1
26,SSS,0.35353804506100256,1
26,SSS,0,1
26,SSS,0.7070760901220053,1
26,SSS,-0.7070760901220053,0
27,SSS,0,0
27,SSS,0.35353804506100256,1
27,SSS,0,0
27,SSS,0.7070760901220053,1
27,SSS,0,0
27,SSS,-0.7070760901220053,0
27,SSS,0.35353804506100256,0
27,SSS,0,0
27,SSS,-0.35353804506100267,0
27,SSS,0.35353804506100256,1
27,SSS,0,1
27,SSS,0.35353804506100256,1
27,SSS,0.7070760901220053,1
27,SSS,-0.7070760901220053,0
27,SSS,-0.7070760901220053,0
27,SSS,0.35353804506100256,1
27,SSS,-0.35353804506100267,0
27,SSS,0,0
27,SSS,-0.35353804506100267,0
27,SSS,-0.35353804506100267,0
27,SSS,0.35353804506100256,1
27,SSS,0,0
27,SSS,0,0
27,SSS,0.7070760901220053,1
27,SSS,0.35353804506100256,1
27,SSS,0.7070760901220053,1
27,SSS,0.7070760901220053,0
27,SSS,-0.35353804506100267,0
27,SSS,-0.7070760901220053,0
27,SSS,-0.7070760901220053,0
27,SSS,0.7070760901220053,0
27,SSS,0.35353804506100256,0
27,SSS,0.7070760901220053,1
27,SSS,0.7070760901220053,1
27,SSS,0,0
27,SSS,-0.35353804506100267,0
27,SSS,0.7070760901220053,1
27,SSS,-0.7070760901220053,0
27,SSS,-0.35353804506100267,0
27,SSS,-0.35353804506100267,0
27,SSS,0.35353804506100256,1
27,SSS,0.35353804506100256,0
27,SSS,-0.7070760901220053,0
27,SSS,-0.7070760901220053,0
27,SSS,0.35353804506100256,1
27,SSS,-0.7070760901220053,0
27,SSS,0.7070760901220053,0
27,SSS,0,0
27,SSS,-0.35353804506100267,0
27,SSS,0.7070760901220053,1
27,SSS,0.35353804506100256,1
27,SSS,0.35353804506100256,0
27,SSS,-0.7070760901220053,0
27,SSS,-0.7070760901220053,0
27,SSS,0,0
27,SSS,0.35353804506100256,1
27,SSS,-0.35353804506100267,0
27,SSS,-0.35353804506100267,0
27,SSS,0,0
27,SSS,-0.7070760901220053,0
27,SSS,-0.7070760901220053,0
27,SSS,0,0
27,SSS,-0.7070760901220053,0
27,SSS,0.7070760901220053,0
27,SSS,-0.35353804506100267,0
27,SSS,-0.35353804506100267,0
27,SSS,0,0
27,SSS,-0.7070760901220053,0
27,SSS,-0.35353804506100267,0
27,SSS,-0.7070760901220053,0
27,SSS,-0.35353804506100267,0
27,SSS,0,0
27,SSS,0.35353804506100256,1
27,SSS,0.7070760901220053,0
27,SSS,-0.35353804506100267,0
27,SSS,0.7070760901220053,1
27,SSS,0.35353804506100256,1
27,SSS,0,0
27,SSS,0.35353804506100256,1
27,SSS,-0.35353804506100267,0
27,SSS,-0.35353804506100267,0
27,SSS,0.35353804506100256,1
27,SSS,0,0
27,SSS,0.7070760901220053,1
27,SSS,-0.7070760901220053,0
27,SSS,-0.35353804506100267,0
27,SSS,0.7070760901220053,1
27,SSS,0,0
27,SSS,0.7070760901220053,1
27,SSS,-0.35353804506100267,0
27,SSS,-0.7070760901220053,0
27,SSS,0.7070760901220053,0
27,SSS,0,1
27,SSS,0.7070760901220053,1
27,SSS,0.35353804506100256,1
27,SSS,0.35353804506100256,0
27,SSS,-0.7070760901220053,0
27,SSS,0,1
27,SSS,0,1
27,SSS,-0.35353804506100267,0
27,SSS,0,0
27,SSS,-0.7070760901220053,0
27,SSS,0,0
27,SSS,0.35353804506100256,1
27,SSS,-0.35353804506100267,0
27,SSS,0.35353804506100256,0
27,SSS,-0.35353804506100267,0
27,SSS,-0.35353804506100267,0
27,SSS,-0.7070760901220053,0
27,SSS,0.7070760901220053,0
27,SSS,0.7070760901220053,1
27,SSS,-0.7070760901220053,0
27,SSS,0.7070760901220053,1
27,SSS,-0.7070760901220053,0
27,SSS,0.35353804506100256,1
27,SSS,0.7070760901220053,0
27,SSS,0.35353804506100256,0
27,SSS,0,0
27,SSS,0.7070760901220053,1
27,SSS,-0.7070760901220053,0
28,SSS,0,1
28,SSS,0.35353804506100256,1
28,SSS,0,0
28,SSS,0.7070760901220053,1
28,SSS,0,0
28,SSS,-0.7070760901220053,1
28,SSS,0.35353804506100256,1
28,SSS,0,1
28,SSS,-0.35353804506100267,1
28,SSS,0.35353804506100256,1
28,SSS,0,1
28,SSS,0.35353804506100256,1
28,SSS,0.7070760901220053,1
28,SSS,-0.7070760901220053,0
28,SSS,-0.7070760901220053,0
28,SSS,0.35353804506100256,1
28,SSS,-0.35353804506100267,1
28,SSS,0,1
28,SSS,-0.35353804506100267,0
28,SSS,-0.35353804506100267,0
28,SSS,0.35353804506100256,0
28,SSS,0,1
28,SSS,0,1
28,SSS,0.7070760901220053,1
28,SSS,0.35353804506100256,1
28,SSS,0.7070760901220053,1
28,SSS,0.7070760901220053,1
28,SSS,-0.35353804506100267,0
28,SSS,-0.7070760901220053,0
28,SSS,-0.7070760901220053,0
28,SSS,0.7070760901220053,1
28,SSS,0.35353804506100256,1
28,SSS,0.7070760901220053,0
28,SSS,0.7070760901220053,1
28,SSS,0,1
28,SSS,-0.35353804506100267,1
28,SSS,0.7070760901220053,1
28,SSS,-0.7070760901220053,0
28,SSS,-0.35353804506100267,0
28,SSS,-0.35353804506100267,0
28,SSS,0.35353804506100256,1
28,SSS,0.35353804506100256,1
28,SSS,-0.7070760901220053,0
28,SSS,-0.7070760901220053,0
28,SSS,0.35353804506100256,1
28,SSS,-0.7070760901220053,0
28,SSS,0.7070760901220053,0
28,SSS,0,1
28,SSS,-0.35353804506100267,0
28,SSS,0.7070760901220053,1
28,SSS,0.35353804506100256,0
28,SSS,0.35353804506100256,1
28,SSS,-0.7070760901220053,0
28,SSS,-0.7070760901220053,0
28,SSS,0,1
28,SSS,0.35353804506100256,1
28,SSS,-0.35353804506100267,0
28,SSS,-0.35353804506100267,1
28,SSS,0,0
28,SSS,-0.7070760901220053,0
28,SSS,-0.7070760901220053,1
28,SSS,0,0
28,SSS,-0.7070760901220053,0
28,SSS,0.7070760901220053,0
28,SSS,-0.35353804506100267,0
28,SSS,-0.35353804506100267,0
28,SSS,0,0
28,SSS,-0.7070760901220053,0
28,SSS,-0.35353804506100267,0
28,SSS,-0.7070760901220053,0
28,SSS,-0.35353804506100267,0
28,SSS,0,1
28,SSS,0.35353804506100256,0
28,SSS,0.7070760901220053,1
28,SSS,-0.35353804506100267,0
28,SSS,0.7070760901220053,1
28,SSS,0.35353804506100256,1
28,SSS,0,0
28,SSS,0.35353804506100256,1
28,SSS,-0.35353804506100267,0
28,SSS,-0.35353804506100267,0
28,SSS,0.35353804506100256,0
28,SSS,0,1
28,SSS,0.7070760901220053,1
28,SSS,-0.7070760901220053,0
28,SSS,-0.35353804506100267,0
28,SSS,0.7070760901220053,0
28,SSS,0,0
28,SSS,0.7070760901220053,1
28,SSS,-0.35353804506100267,0
28,SSS,-0.7070760901220053,0
28,SSS,0.7070760901220053,1
28,SSS,0,1
28,SSS,0.7070760901220053,1
28,SSS,0.35353804506100256,1
28,SSS,0.35353804506100256,1
28,SSS,-0.7070760901220053,0
28,SSS,0,0
28,SSS,0,0
28,SSS,-0.35353804506100267,0
28,SSS,0,1
28,SSS,-0.7070760901220053,0
28,SSS,0,1
28,SSS,0.35353804506100256,0
28,SSS,-0.35353804506100267,1
28,SSS,0.35353804506100256,1
28,SSS,-0.35353804506100267,0
28,SSS,-0.35353804506100267,0
28,SSS,-0.7070760901220053,0
28,SSS,0.7070760901220053,1
28,SSS,0.7070760901220053,1
28,SSS,-0.7070760901220053,0
28,SSS,0.7070760901220053,1
28,SSS,-0.7070760901220053,0
28,SSS,0.35353804506100256,1
28,SSS,0.7070760901220053,1
28,SSS,0.35353804506100256,1
28,SSS,0,0
28,SSS,0.7070760901220053,0
28,SSS,-0.7070760901220053,0
29,SSS,0,1
29,SSS,0.35353804506100256,1
29,SSS,0,1
29,SSS,0.7070760901220053,1
29,SSS,0,0
29,SSS,-0.7070760901220053,0
29,SSS,0.35353804506100256,1
29,SSS,0,0
29,SSS,-0.35353804506100267,0
29,SSS,0.35353804506100256,1
29,SSS,0,1
29,SSS,0.35353804506100256,1
29,SSS,0.7070760901220053,1
29,SSS,-0.7070760901220053,0
29,SSS,-0.7070760901220053,0
29,SSS,0.35353804506100256,1
29,SSS,-0.35353804506100267,0
29,SSS,0,1
29,SSS,-0.35353804506100267,1
29,SSS,-0.35353804506100267,0
29,SSS,0.35353804506100256,0
29,SSS,0,1
29,SSS,0,1
29,SSS,0.7070760901220053,1
29,SSS,0.35353804506100256,0
29,SSS,0.7070760901220053,1
29,SSS,0.7070760901220053,1
29,SSS,-0.35353804506100267,1
29,SSS,-0.7070760901220053,0
29,SSS,-0.7070760901220053,0
29,SSS,0.7070760901220053,1
29,SSS,0.35353804506100256,0
29,SSS,0.7070760901220053,1
29,SSS,0.7070760901220053,0
29,SSS,0,1
29,SSS,-0.35353804506100267,0
29,SSS,0.7070760901220053,1
29,SSS,-0.7070760901220053,0
29,SSS,-0.35353804506100267,0
29,SSS,-0.35353804506100267,0
29,SSS,0.35353804506100256,1
29,SSS,0.35353804506100256,1
29,SSS,-0.7070760901220053,0
29,SSS,-0.7070760901220053,0
29,SSS,0.35353804506100256,1
29,SSS,-0.7070760901220053,1
29,SSS,0.7070760901220053,1
29,SSS,0,0
29,SSS,-0.35353804506100267,1
29,SSS,0.7070760901220053,1
29,SSS,0.35353804506100256,1
29,SSS,0.35353804506100256,1
29,SSS,-0.7070760901220053,0
29,SSS,-0.7070760901220053,0
29,SSS,0,0
29,SSS,0.35353804506100256,1
29,SSS,-0.35353804506100267,0
29,SSS,-0.35353804506100267,0
29,SSS,0,1
29,SSS,-0.7070760901220053,0
29,SSS,-0.7070760901220053,1
29,SSS,0,1
29,SSS,-0.7070760901220053,0
29,SSS,0.7070760901220053,1
29,SSS,-0.35353804506100267,0
29,SSS,-0.35353804506100267,1
29,SSS,0,0
29,SSS,-0.7070760901220053,0
29,SSS,-0.35353804506100267,0
29,SSS,-0.7070760901220053,0
29,SSS,-0.35353804506100267,0
29,SSS,0,0
29,SSS,0.35353804506100256,0
29,SSS,0.7070760901220053,0
29,SSS,-0.35353804506100267,0
29,SSS,0.7070760901220053,1
29,SSS,0.35353804506100256,1
29,SSS,0,1
29,SSS,0.35353804506100256,0
29,SSS,-0.35353804506100267,0
29,SSS,-0.35353804506100267,0
29,SSS,0.35353804506100256,0
29,SSS,0,0
29,SSS,0.7070760901220053,1
29,SSS,-0.7070760901220053,0
29,SSS,-0.35353804506100267,0
29,SSS,0.7070760901220053,1
29,SSS,0,1
29,SSS,0.7070760901220053,1
29,SSS,-0.35353804506100267,0
29,SSS,-0.7070760901220053,0
29,SSS,0.7070760901220053,1
29,SSS,0,0
29,SSS,0.7070760901220053,1
29,SSS,0.35353804506100256,1
29,SSS,0.35353804506100256,1
29,SSS,-0.7070760901220053,0
29,SSS,0,1
29,SSS,0,0
29,SSS,-0.35353804506100267,0
29,SSS,0,1
29,SSS,-0.7070760901220053,1
29,SSS,0,0
29,SSS,0.35353804506100256,1
29,SSS,-0.35353804506100267,0
29,SSS,0.35353804506100256,1
29,SSS,-0.35353804506100267,0
29,SSS,-0.35353804506100267,0
29,SSS,-0.7070760901220053,0
29,SSS,0.7070760901220053,1
29,SSS,0.7070760901220053,1
29,SSS,-0.7070760901220053,1
29,SSS,0.7070760901220053,1
29,SSS,-0.7070760901220053,0
29,SSS,0.35353804506100256,1
29,SSS,0.7070760901220053,1
29,SSS,0.35353804506100256,1
29,SSS,0,0
29,SSS,0.7070760901220053,1
29,SSS,-0.7070760901220053,0
30,SSS,0,0
30,SSS,0.35353804506100256,1
30,SSS,0,1
30,SSS,0.7070760901220053,1
30,SSS,0,1
30,SSS,-0.7070760901220053,1
30,SSS,0.35353804506100256,1
30,SSS,0,0
30,SSS,-0.35353804506100267,0
30,SSS,0.35353804506100256,1
30,SSS,0,1
30,SSS,0.35353804506100256,1
30,SSS,0.7070760901220053,1
30,SSS,-0.7070760901220053,0
30,SSS,-0.7070760901220053,0
30,SSS,0.35353804506100256,1
30,SSS,-0.35353804506100267,0
30,SSS,0,1
30,SSS,-0.35353804506100267,1
30,SSS,-0.35353804506100267,0
30,SSS,0.35353804506100256,0
30,SSS,0,1
30,SSS,0,1
30,SSS,0.7070760901220053,1
30,SSS,0.35353804506100256,1
30,SSS,0.7070760901220053,1
30,SSS,0.7070760901220053,1
30,SSS,-0.35353804506100267,0
30,SSS,-0.7070760901220053,0
30,SSS,-0.7070760901220053,0
30,SSS,0.7070760901220053,1
30,SSS,0.35353804506100256,1
30,SSS,0.7070760901220053,1
30,SSS,0.7070760901220053,1
30,SSS,0,0
30,SSS,-0.35353804506100267,0
30,SSS,0.7070760901220053,1
30,SSS,-0.7070760901220053,0
30,SSS,-0.35353804506100267,0
30,SSS,-0.35353804506100267,0
30,SSS,0.35353804506100256,1
30,SSS,0.35353804506100256,1
30,SSS,-0.7070760901220053,0
30,SSS,-0.7070760901220053,0
30,SSS,0.35353804506100256,1
30,SSS,-0.7070760901220053,0
30,SSS,0.7070760901220053,1
30,SSS,0,1
30,SSS,-0.35353804506100267,0
30,SSS,0.7070760901220053,1
30,SSS,0.35353804506100256,1
30,SSS,0.35353804506100256,1
30,SSS,-0.7070760901220053,0
30,SSS,-0.7070760901220053,0
30,SSS,0,0
30,SSS,0.35353804506100256,1
30,SSS,-0.35353804506100267,0
30,SSS,-0.35353804506100267,0
30,SSS,0,1
30,SSS,-0.7070760901220053,0
30,SSS,-0.7070760901220053,0
30,SSS,0,1
30,SSS,-0.7070760901220053,0
30,SSS,0.7070760901220053,1
30,SSS,-0.35353804506100267,0
30,SSS,-0.35353804506100267,0
30,SSS,0,1
30,SSS,-0.7070760901220053,0
30,SSS,-0.35353804506100267,0
30,SSS,-0.7070760901220053,0
30,SSS,-0.35353804506100267,0
30,SSS,0,1
30,SSS,0.35353804506100256,1
30,SSS,0.7070760901220053,1
30,SSS,-0.35353804506100267,0
30,SSS,0.7070760901220053,1
30,SSS,0.35353804506100256,1
30,SSS,0,0
30,SSS,0.35353804506100256,0
30,SSS,-0.35353804506100267,0
30,SSS,-0.35353804506100267,0
30,SSS,0.35353804506100256,0
30,SSS,0,0
30,SSS,0.7070760901220053,1
30,SSS,-0.7070760901220053,0
30,SSS,-0.35353804506100267,0
30,SSS,0.7070760901220053,1
30,SSS,0,1
30,SSS,0.7070760901220053,1
30,SSS,-0.35353804506100267,0
30,SSS,-0.7070760901220053,0
30,SSS,0.7070760901220053,1
30,SSS,0,0
30,SSS,0.7070760901220053,1
30,SSS,0.35353804506100256,1
30,SSS,0.35353804506100256,1
30,SSS,-0.7070760901220053,0
30,SSS,0,0
30,SSS,0,1
30,SSS,-0.35353804506100267,0
30,SSS,0,1
30,SSS,-0.7070760901220053,0
30,SSS,0,1
30,SSS,0.35353804506100256,1
30,SSS,-0.35353804506100267,1
30,SSS,0.35353804506100256,1
30,SSS,-0.35353804506100267,0
30,SSS,-0.35353804506100267,0
30,SSS,-0.7070760901220053,0
30,SSS,0.7070760901220053,1
30,SSS,0.7070760901220053,0
30,SSS,-0.7070760901220053,0
30,SSS,0.7070760901220053,1
30,SSS,-0.7070760901220053,0
30,SSS,0.35353804506100256,1
30,SSS,0.7070760901220053,1
30,SSS,0.35353804506100256,1
30,SSS,0,1
30,SSS,0.7070760901220053,1
30,SSS,-0.7070760901220053,0
31,SSS,0,1
31,SSS,0.35353804506100256,1
31,SSS,0,1
31,SSS,0.7070760901220053,1
31,SSS,0,0
31,SSS,-0.7070760901220053,0
31,SSS,0.35353804506100256,1
31,SSS,0,0
31,SSS,-0.35353804506100267,0
31,SSS,0.35353804506100256,1
31,SSS,0,0
31,SSS,0.35353804506100256,1
31,SSS,0.7070760901220053,1
31,SSS,-0.7070760901220053,0
31,SSS,-0.7070760901220053,0
31,SSS,0.35353804506100256,1
31,SSS,-0.35353804506100267,0
31,SSS,0,0
31,SSS,-0.35353804506100267,0
31,SSS,-0.35353804506100267,0
31,SSS,0.35353804506100256,1
31,SSS,0,0
31,SSS,0,0
31,SSS,0.7070760901220053,1
31,SSS,0.35353804506100256,0
31,SSS,0.7070760901220053,1
31,SSS,0.7070760901220053,1
31,SSS,-0.35353804506100267,0
31,SSS,-0.7070760901220053,0
31,SSS,-0.7070760901220053,0
31,SSS,0.7070760901220053,1
31,SSS,0.35353804506100256,1
31,SSS,0.7070760901220053,1
31,SSS,0.7070760901220053,0
31,SSS,0,0
31,SSS,-0.35353804506100267,0
31,SSS,0.7070760901220053,1
31,SSS,-0.7070760901220053,0
31,SSS,-0.35353804506100267,0
31,SSS,-0.35353804506100267,0
31,SSS,0.35353804506100256,1
31,SSS,0.35353804506100256,1
31,SSS,-0.7070760901220053,0
31,SSS,-0.7070760901220053,0
31,SSS,0.35353804506100256,1
31,SSS,-0.7070760901220053,0
31,SSS,0.7070760901220053,1
31,SSS,0,0
31,SSS,-0.35353804506100267,0
31,SSS,0.7070760901220053,1
31,SSS,0.35353804506100256,0
31,SSS,0.35353804506100256,1
31,SSS,-0.7070760901220053,0
31,SSS,-0.7070760901220053,0
31,SSS,0,0
31,SSS,0.35353804506100256,1
31,SSS,-0.35353804506100267,0
31,SSS,-0.35353804506100267,0
31,SSS,0,0
31,SSS,-0.7070760901220053,0
31,SSS,-0.7070760901220053,0
31,SSS,0,0
31,SSS,-0.7070760901220053,0
31,SSS,0.7070760901220053,1
31,SSS,-0.35353804506100267,0
31,SSS,-0.35353804506100267,0
31,SSS,0,0
31,SSS,-0.7070760901220053,0
31,SSS,-0.35353804506100267,0
31,SSS,-0.7070760901220053,0
31,SSS,-0.35353804506100267,0
31,SSS,0,1
31,SSS,0.35353804506100256,1
31,SSS,0.7070760901220053,1
31,SSS,-0.35353804506100267,0
31,SSS,0.7070760901220053,1
31,SSS,0.35353804506100256,1
31,SSS,0,0
31,SSS,0.35353804506100256,0
31,SSS,-0.35353804506100267,0
31,SSS,-0.35353804506100267,0
31,SSS,0.35353804506100256,0
31,SSS,0,0
31,SSS,0.7070760901220053,1
31,SSS,-0.7070760901220053,0
31,SSS,-0.35353804506100267,0
31,SSS,0.7070760901220053,1
31,SSS,0,0
31,SSS,0.7070760901220053,1
31,SSS,-0.35353804506100267,0
31,SSS,-0.7070760901220053,0
31,SSS,0.7070760901220053,1
31,SSS,0,0
31,SSS,0.7070760901220053,1
31,SSS,0.35353804506100256,1
31,SSS,0.35353804506100256,0
31,SSS,-0.7070760901220053,0
31,SSS,0,0
31,SSS,0,0
31,SSS,-0.35353804506100267,0
31,SSS,0,0
31,SSS,-0.7070760901220053,0
31,SSS,0,0
31,SSS,0.35353804506100256,0
31,SSS,-0.35353804506100267,0
31,SSS,0.35353804506100256,1
31,SSS,-0.35353804506100267,0
31,SSS,-0.35353804506100267,0
31,SSS,-0.7070760901220053,0
31,SSS,0.7070760901220053,1
31,SSS,0.7070760901220053,1
31,SSS,-0.7070760901220053,0
31,SSS,0.7070760901220053,1
31,SSS,-0.7070760901220053,0
31,SSS,0.35353804506100256,1
31,SSS,0.7070760901220053,1
31,SSS,0.35353804506100256,0
31,SSS,0,0
31,SSS,0.7070760901220053,1
31,SSS,-0.7070760901220053,0
32,SSS,0,0
32,SSS,0.35353804506100256,1
32,SSS,0,0
32,SSS,0.7070760901220053,1
32,SSS,0,0
32,SSS,-0.7070760901220053,0
32,SSS,0.35353804506100256,1
32,SSS,0,1
32,SSS,-0.35353804506100267,0
32,SSS,0.35353804506100256,1
32,SSS,0,1
32,SSS,0.35353804506100256,1
32,SSS,0.7070760901220053,1
32,SSS,-0.7070760901220053,0
32,SSS,-0.7070760901220053,0
32,SSS,0.35353804506100256,1
32,SSS,-0.35353804506100267,0
32,SSS,0,1
32,SSS,-0.35353804506100267,0
32,SSS,-0.35353804506100267,0
32,SSS,0.35353804506100256,1
32,SSS,0,1
32,SSS,0,1
32,SSS,0.7070760901220053,1
32,SSS,0.35353804506100256,1
32,SSS,0.7070760901220053,1
32,SSS,0.7070760901220053,1
32,SSS,-0.35353804506100267,0
32,SSS,-0.7070760901220053,0
32,SSS,-0.7070760901220053,0
32,SSS,0.7070760901220053,1
32,SSS,0.35353804506100256,1
32,SSS,0.7070760901220053,1
32,SSS,0.7070760901220053,1
32,SSS,0,0
32,SSS,-0.35353804506100267,0
32,SSS,0.7070760901220053,1
32,SSS,-0.7070760901220053,0
32,SSS,-0.35353804506100267,0
32,SSS,-0.35353804506100267,0
32,SSS,0.35353804506100256,1
32,SSS,0.35353804506100256,0
32,SSS,-0.7070760901220053,0
32,SSS,-0.7070760901220053,0
32,SSS,0.35353804506100256,1
32,SSS,-0.7070760901220053,0
32,SSS,0.7070760901220053,1
32,SSS,0,0
32,SSS,-0.35353804506100267,0
32,SSS,0.7070760901220053,1
32,SSS,0.35353804506100256,1
32,SSS,0.35353804506100256,1
32,SSS,-0.7070760901220053,0
32,SSS,-0.7070760901220053,0
32,SSS,0,1
32,SSS,0.35353804506100256,1
32,SSS,-0.35353804506100267,0
32,SSS,-0.35353804506100267,0
32,SSS,0,1
32,SSS,-0.7070760901220053,0
32,SSS,-0.7070760901220053,0
32,SSS,0,1
32,SSS,-0.7070760901220053,0
32,SSS,0.7070760901220053,1
32,SSS,-0.35353804506100267,0
32,SSS,-0.35353804506100267,0
32,SSS,0,0
32,SSS,-0.7070760901220053,0
32,SSS,-0.35353804506100267,0
32,SSS,-0.7070760901220053,0
32,SSS,-0.35353804506100267,0
32,SSS,0,1
32,SSS,0.35353804506100256,0
32,SSS,0.7070760901220053,1
32,SSS,-0.35353804506100267,0
32,SSS,0.7070760901220053,1
32,SSS,0.35353804506100256,1
32,SSS,0,1
32,SSS,0.35353804506100256,1
32,SSS,-0.35353804506100267,0
32,SSS,-0.35353804506100267,0
32,SSS,0.35353804506100256,1
32,SSS,0,1
32,SSS,0.7070760901220053,1
32,SSS,-0.7070760901220053,0
32,SSS,-0.35353804506100267,0
32,SSS,0.7070760901220053,1
32,SSS,0,1
32,SSS,0.7070760901220053,1
32,SSS,-0.35353804506100267,0
32,SSS,-0.7070760901220053,0
32,SSS,0.7070760901220053,1
32,SSS,0,1
32,SSS,0.7070760901220053,1
32,SSS,0.35353804506100256,1
32,SSS,0.35353804506100256,1
32,SSS,-0.7070760901220053,0
32,SSS,0,0
32,SSS,0,0
32,SSS,-0.35353804506100267,0
32,SSS,0,1
32,SSS,-0.7070760901220053,0
32,SSS,0,1
32,SSS,0.35353804506100256,1
32,SSS,-0.35353804506100267,0
32,SSS,0.35353804506100256,1
32,SSS,-0.35353804506100267,0
32,SSS,-0.35353804506100267,0
32,SSS,-0.7070760901220053,0
32,SSS,0.7070760901220053,1
32,SSS,0.7070760901220053,1
32,SSS,-0.7070760901220053,0
32,SSS,0.7070760901220053,1
32,SSS,-0.7070760901220053,0
32,SSS,0.35353804506100256,1
32,SSS,0.7070760901220053,1
32,SSS,0.35353804506100256,1
32,SSS,0,0
32,SSS,0.7070760901220053,1
32,SSS,-0.7070760901220053,0
33,SSS,0,1
33,SSS,0.35353804506100256,1
33,SSS,0,1
33,SSS,0.7070760901220053,1
33,SSS,0,0
33,SSS,-0.7070760901220053,0
33,SSS,0.35353804506100256,1
33,SSS,0,1
33,SSS,-0.35353804506100267,1
33,SSS,0.35353804506100256,1
33,SSS,0,1
33,SSS,0.35353804506100256,1
33,SSS,0.7070760901220053,0
33,SSS,-0.7070760901220053,0
33,SSS,-0.7070760901220053,0
33,SSS,0.35353804506100256,1
33,SSS,-0.35353804506100267,0
33,SSS,0,0
33,SSS,-0.35353804506100267,0
33,SSS,-0.35353804506100267,0
33,SSS,0.35353804506100256,1
33,SSS,0,0
33,SSS,0,0
33,SSS,0.7070760901220053,1
33,SSS,0.35353804506100256,0
33,SSS,0.7070760901220053,1
33,SSS,0.7070760901220053,1
33,SSS,-0.35353804506100267,0
33,SSS,-0.7070760901220053,0
33,SSS,-0.7070760901220053,0
33,SSS,0.7070760901220053,1
33,SSS,0.35353804506100256,1
33,SSS,0.7070760901220053,1
33,SSS,0.7070760901220053,1
33,SSS,0,0
33,SSS,-0.35353804506100267,0
33,SSS,0.7070760901220053,1
33,SSS,-0.7070760901220053,0
33,SSS,-0.35353804506100267,0
33,SSS,-0.35353804506100267,0
33,SSS,0.35353804506100256,1
33,SSS,0.35353804506100256,0
33,SSS,-0.7070760901220053,0
33,SSS,-0.7070760901220053,0
33,SSS,0.35353804506100256,1
33,SSS,-0.7070760901220053,0
33,SSS,0.7070760901220053,1
33,SSS,0,1
33,SSS,-0.35353804506100267,0
33,SSS,0.7070760901220053,1
33,SSS,0.35353804506100256,1
33,SSS,0.35353804506100256,1
33,SSS,-0.7070760901220053,0
33,SSS,-0.7070760901220053,0
33,SSS,0,0
33,SSS,0.35353804506100256,1
33,SSS,-0.35353804506100267,0
33,SSS,-0.35353804506100267,0
33,SSS,0,1
33,SSS,-0.7070760901220053,0
33,SSS,-0.7070760901220053,0
33,SSS,0,0
33,SSS,-0.7070760901220053,0
33,SSS,0.7070760901220053,1
33,SSS,-0.35353804506100267,0
33,SSS,-0.35353804506100267,1
33,SSS,0,0
33,SSS,-0.7070760901220053,0
33,SSS,-0.35353804506100267,0
33,SSS,-0.7070760901220053,0
33,SSS,-0.35353804506100267,0
33,SSS,0,0
33,SSS,0.35353804506100256,1
33,SSS,0.7070760901220053,1
33,SSS,-0.35353804506100267,0
33,SSS,0.7070760901220053,1
33,SSS,0.35353804506100256,0
33,SSS,0,0
33,SSS,0.35353804506100256,1
33,SSS,-0.35353804506100267,0
33,SSS,-0.35353804506100267,0
33,SSS,0.35353804506100256,1
33,SSS,0,1
33,SSS,0.7070760901220053,1
33,SSS,-0.7070760901220053,0
33,SSS,-0.35353804506100267,0
33,SSS,0.7070760901220053,1
33,SSS,0,1
33,SSS,0.7070760901220053,1
33,SSS,-0.35353804506100267,0
33,SSS,-0.7070760901220053,0
33,SSS,0.7070760901220053,1
33,SSS,0,0
33,SSS,0.7070760901220053,1
33,SSS,0.35353804506100256,1
33,SSS,0.35353804506100256,1
33,SSS,-0.7070760901220053,0
33,SSS,0,0
33,SSS,0,1
33,SSS,-0.35353804506100267,0
33,SSS,0,0
33,SSS,-0.7070760901220053,0
33,SSS,0,1
33,SSS,0.35353804506100256,1
33,SSS,-0.35353804506100267,1
33,SSS,0.35353804506100256,0
33,SSS,-0.35353804506100267,0
33,SSS,-0.35353804506100267,0
33,SSS,-0.7070760901220053,0
33,SSS,0.7070760901220053,1
33,SSS,0.7070760901220053,1
33,SSS,-0.7070760901220053,0
33,SSS,0.7070760901220053,1
33,SSS,-0.7070760901220053,0
33,SSS,0.35353804506100256,0
33,SSS,0.7070760901220053,1
33,SSS,0.35353804506100256,0
33,SSS,0,0
33,SSS,0.7070760901220053,1
33,SSS,-0.7070760901220053,0
34,SSS,0,0
34,SSS,0.35353804506100256,1
34,SSS,0,0
34,SSS,0.7070760901220053,1
34,SSS,0,0
34,SSS,-0.7070760901220053,0
34,SSS,0.35353804506100256,0
34,SSS,0,0
34,SSS,-0.35353804506100267,0
34,SSS,0.35353804506100256,1
34,SSS,0,0
34,SSS,0.35353804506100256,1
34,SSS,0.7070760901220053,0
34,SSS,-0.7070760901220053,0
34,SSS,-0.7070760901220053,0
34,SSS,0.35353804506100256,1
34,SSS,-0.35353804506100267,1
34,SSS,0,0
34,SSS,-0.35353804506100267,0
34,SSS,-0.35353804506100267,0
34,SSS,0.35353804506100256,0
34,SSS,0,0
34,SSS,0,0
34,SSS,0.7070760901220053,1
34,SSS,0.35353804506100256,0
34,SSS,0.7070760901220053,0
34,SSS,0.7070760901220053,1
34,SSS,-0.35353804506100267,0
34,SSS,-0.7070760901220053,0
34,SSS,-0.7070760901220053,0
34,SSS,0.7070760901220053,1
34,SSS,0.35353804506100256,1
34,SSS,0.7070760901220053,0
34,SSS,0.7070760901220053,1
34,SSS,0,0
34,SSS,-0.35353804506100267,0
34,SSS,0.7070760901220053,1
34,SSS,-0.7070760901220053,0
34,SSS,-0.35353804506100267,0
34,SSS,-0.35353804506100267,0
34,SSS,0.35353804506100256,0
34,SSS,0.35353804506100256,0
34,SSS,-0.7070760901220053,0
34,SSS,-0.7070760901220053,0
34,SSS,0.35353804506100256,0
34,SSS,-0.7070760901220053,0
34,SSS,0.7070760901220053,1
34,SSS,0,0
34,SSS,-0.35353804506100267,0
34,SSS,0.7070760901220053,0
34,SSS,0.35353804506100256,0
34,SSS,0.35353804506100256,1
34,SSS,-0.7070760901220053,0
34,SSS,-0.7070760901220053,0
34,SSS,0,0
34,SSS,0.35353804506100256,0
34,SSS,-0.35353804506100267,0
34,SSS,-0.35353804506100267,0
34,SSS,0,0
34,SSS,-0.7070760901220053,0
34,SSS,-0.7070760901220053,0
34,SSS,0,0
34,SSS,-0.7070760901220053,0
34,SSS,0.7070760901220053,1
34,SSS,-0.35353804506100267,0
34,SSS,-0.35353804506100267,0
34,SSS,0,0
34,SSS,-0.7070760901220053,0
34,SSS,-0.35353804506100267,0
34,SSS,-0.7070760901220053,0
34,SSS,-0.35353804506100267,0
34,SSS,0,1
34,SSS,0.35353804506100256,1
34,SSS,0.7070760901220053,1
34,SSS,-0.35353804506100267,0
34,SSS,0.7070760901220053,1
34,SSS,0.35353804506100256,1
34,SSS,0,0
34,SSS,0.35353804506100256,0
34,SSS,-0.35353804506100267,0
34,SSS,-0.35353804506100267,0
34,SSS,0.35353804506100256,1
34,SSS,0,0
34,SSS,0.7070760901220053,1
34,SSS,-0.7070760901220053,0
34,SSS,-0.35353804506100267,0
34,SSS,0.7070760901220053,1
34,SSS,0,0
34,SSS,0.7070760901220053,1
34,SSS,-0.35353804506100267,0
34,SSS,-0.7070760901220053,0
34,SSS,0.7070760901220053,1
34,SSS,0,1
34,SSS,0.7070760901220053,1
34,SSS,0.35353804506100256,1
34,SSS,0.35353804506100256,0
34,SSS,-0.7070760901220053,0
34,SSS,0,0
34,SSS,0,0
34,SSS,-0.35353804506100267,0
34,SSS,0,0
34,SSS,-0.7070760901220053,0
34,SSS,0,0
34,SSS,0.35353804506100256,1
34,SSS,-0.35353804506100267,0
34,SSS,0.35353804506100256,0
34,SSS,-0.35353804506100267,0
34,SSS,-0.35353804506100267,0
34,SSS,-0.7070760901220053,0
34,SSS,0.7070760901220053,1
34,SSS,0.7070760901220053,1
34,SSS,-0.7070760901220053,0
34,SSS,0.7070760901220053,1
34,SSS,-0.7070760901220053,0
34,SSS,0.35353804506100256,1
34,SSS,0.7070760901220053,1
34,SSS,0.35353804506100256,0
34,SSS,0,0
34,SSS,0.7070760901220053,1
34,SSS,-0.7070760901220053,0
35,SSS,0,0
35,SSS,0.35353804506100256,1
35,SSS,0,0
35,SSS,0.7070760901220053,1
35,SSS,0,0
35,SSS,-0.7070760901220053,0
35,SSS,0.35353804506100256,1
35,SSS,0,0
35,SSS,-0.35353804506100267,0
35,SSS,0.35353804506100256,1
35,SSS,0,1
35,SSS,0.35353804506100256,1
35,SSS,0.7070760901220053,1
35,SSS,-0.7070760901220053,0
35,SSS,-0.7070760901220053,0
35,SSS,0.35353804506100256,0
35,SSS,-0.35353804506100267,0
35,SSS,0,0
35,SSS,-0.35353804506100267,0
35,SSS,-0.35353804506100267,0
35,SSS,0.35353804506100256,0
35,SSS,0,1
35,SSS,0,0
35,SSS,0.7070760901220053,0
35,SSS,0.35353804506100256,0
35,SSS,0.7070760901220053,1
35,SSS,0.7070760901220053,1
35,SSS,-0.35353804506100267,0
35,SSS,-0.7070760901220053,0
35,SSS,-0.7070760901220053,0
35,SSS,0.7070760901220053,1
35,SSS,0.35353804506100256,0
35,SSS,0.7070760901220053,1
35,SSS,0.7070760901220053,1
35,SSS,0,0
35,SSS,-0.35353804506100267,0
35,SSS,0.7070760901220053,1
35,SSS,-0.7070760901220053,0
35,SSS,-0.35353804506100267,0
35,SSS,-0.35353804506100267,0
35,SSS,0.35353804506100256,1
35,SSS,0.35353804506100256,1
35,SSS,-0.7070760901220053,0
35,SSS,-0.7070760901220053,0
35,SSS,0.35353804506100256,1
35,SSS,-0.7070760901220053,0
35,SSS,0.7070760901220053,1
35,SSS,0,0
35,SSS,-0.35353804506100267,0
35,SSS,0.7070760901220053,1
35,SSS,0.35353804506100256,1
35,SSS,0.35353804506100256,1
35,SSS,-0.7070760901220053,0
35,SSS,-0.7070760901220053,0
35,SSS,0,0
35,SSS,0.35353804506100256,1
35,SSS,-0.35353804506100267,0
35,SSS,-0.35353804506100267,0
35,SSS,0,0
35,SSS,-0.7070760901220053,0
35,SSS,-0.7070760901220053,0
35,SSS,0,0
35,SSS,-0.7070760901220053,0
35,SSS,0.7070760901220053,1
35,SSS,-0.35353804506100267,1
35,SSS,-0.35353804506100267,0
35,SSS,0,0
35,SSS,-0.7070760901220053,0
35,SSS,-0.35353804506100267,0
35,SSS,-0.7070760901220053,0
35,SSS,-0.35353804506100267,0
35,SSS,0,0
35,SSS,0.35353804506100256,1
35,SSS,0.7070760901220053,0
35,SSS,-0.35353804506100267,0
35,SSS,0.7070760901220053,1
35,SSS,0.35353804506100256,1
35,SSS,0,0
35,SSS,0.35353804506100256,0
35,SSS,-0.35353804506100267,0
35,SSS,-0.35353804506100267,0
35,SSS,0.35353804506100256,0
35,SSS,0,0
35,SSS,0.7070760901220053,1
35,SSS,-0.7070760901220053,0
35,SSS,-0.35353804506100267,0
35,SSS,0.7070760901220053,1
35,SSS,0,0
35,SSS,0.7070760901220053,1
35,SSS,-0.35353804506100267,0
35,SSS,-0.7070760901220053,0
35,SSS,0.7070760901220053,1
35,SSS,0,0
35,SSS,0.7070760901220053,1
35,SSS,0.35353804506100256,1
35,SSS,0.35353804506100256,0
35,SSS,-0.7070760901220053,0
35,SSS,0,0
35,SSS,0,0
35,SSS,-0.35353804506100267,0
35,SSS,0,0
35,SSS,-0.7070760901220053,0
35,SSS,0,0
35,SSS,0.35353804506100256,0
35,SSS,-0.35353804506100267,1
35,SSS,0.35353804506100256,0
35,SSS,-0.35353804506100267,0
35,SSS,-0.35353804506100267,0
35,SSS,-0.7070760901220053,0
35,SSS,0.7070760901220053,1
35,SSS,0.7070760901220053,1
35,SSS,-0.7070760901220053,0
35,SSS,0.7070760901220053,1
35,SSS,-0.7070760901220053,0
35,SSS,0.35353804506100256,1
35,SSS,0.7070760901220053,1
35,SSS,0.35353804506100256,1
35,SSS,0,0
35,SSS,0.7070760901220053,1
35,SSS,-0.7070760901220053,0
